y_pred_test,y_true_test,test_mse,test_rmse,test_r2_score,test_explained_variance,test_MAPE,test_sMAPE,base_model_path
1020654.6465667904,1189234.5109999999,12015863590.9836673737,109616.8946421293,0.7666160201,0.7666849693,9.1759502729,8.9144185235,/Users/ge35tuv/Desktop/ForeTiS/docs/source/tutorials/tutorial_data/results/ard/2023-10-17_12-35-47_featureset-full_timeseries-cv_True_20_20
1115480.9013971630,1185445.2420000001,,,,,,,
1100527.2875492647,951906.0130000000,,,,,,,
845124.9101028567,914993.4956000000,,,,,,,
873901.2149632477,857426.0510000000,,,,,,,
904920.1415314092,788643.3415000000,,,,,,,
864726.5214614775,865114.6260000000,,,,,,,
903358.6761900566,981349.3229000000,,,,,,,
949232.6554276571,986851.9026000000,,,,,,,
936050.9941033673,762728.8669000000,,,,,,,
690024.6692309369,716678.8327000000,,,,,,,
709816.4150147794,768733.7195000000,,,,,,,
847918.3069227057,744050.9020000000,,,,,,,
843113.3587365599,901330.4620000001,,,,,,,
947770.6885333979,1043785.3490000000,,,,,,,
1009948.4387445974,1037622.4990000000,,,,,,,
978302.8747368832,802308.7898000000,,,,,,,
722522.4721346273,779600.6411000000,,,,,,,
768908.7633186432,740286.6392000000,,,,,,,
820003.8665374244,747474.0672000000,,,,,,,
853429.2540827901,891153.4337000001,,,,,,,
951464.8878050415,1011519.7290000001,,,,,,,
991386.2569476962,982960.5413000000,,,,,,,
941578.8003948074,786152.0098999999,,,,,,,
726427.7258320930,823862.5721000000,,,,,,,
828540.9040316794,744935.5572000000,,,,,,,
831380.4079008671,760638.3292000000,,,,,,,
869438.0490536056,903476.3925000000,,,,,,,
974693.7956878954,1079241.5970000001,,,,,,,
1064900.9239234938,1032766.1400000000,,,,,,,
990591.5762110881,820210.1875000000,,,,,,,
754514.1654895589,768145.9098000000,,,,,,,
771086.0341478828,786964.7463000000,,,,,,,
875102.3535814417,822075.9420000000,,,,,,,
929093.7643261277,924618.0834999999,,,,,,,
976200.6442646657,1068610.2309999999,,,,,,,
1036502.7468075000,1037679.1560000000,,,,,,,
982790.6961462055,812743.3909000000,,,,,,,
735924.2762285866,803861.9203000000,,,,,,,
793802.4562140715,781955.7008000000,,,,,,,
856533.3565400618,786460.7483000000,,,,,,,
881975.8304450794,909897.8029000000,,,,,,,
957071.6311407231,968339.6120000000,,,,,,,
937929.3609610301,1070670.4250000000,,,,,,,
1020146.4649807357,790330.6466000000,,,,,,,
718071.9254924002,769054.1729000000,,,,,,,
759420.3241406486,803578.0191000000,,,,,,,
884872.0388659473,795999.8602999999,,,,,,,
897040.5940917589,904118.3121000000,,,,,,,
955534.3170396038,1073275.3089999999,,,,,,,
1047024.6213835026,989172.6495000001,,,,,,,
943068.3064297435,834119.7778000000,,,,,,,
769214.1359904626,801455.6928000000,,,,,,,
805755.6582761452,832152.8256000000,,,,,,,
917367.3161450840,781375.7162000000,,,,,,,
889058.7160969775,919629.1322000000,,,,,,,
979030.6529510792,1079578.3550000000,,,,,,,
1060467.9410068982,1074372.2640000000,,,,,,,
1027633.3156925736,802551.9921000000,,,,,,,
732343.7609281022,837440.7260000000,,,,,,,
834044.3204037118,757224.8867000000,,,,,,,
840454.0398322237,821825.0309000000,,,,,,,
923855.7323550527,899136.1158000000,,,,,,,
953014.0426524391,1032296.5690000000,,,,,,,
1002529.5923422705,1028105.1230000000,,,,,,,
977753.5944969109,785798.3861999999,,,,,,,
712768.5208524872,874192.2180000000,,,,,,,
863216.6357724287,797834.4878000000,,,,,,,
866439.1509260171,757370.5315000000,,,,,,,
844828.7353086250,898477.9975000001,,,,,,,
945873.7659099118,1016295.5209999999,,,,,,,
986217.2772477715,1015200.4420000000,,,,,,,
962152.7185225387,801796.8509000000,,,,,,,
728337.5244326467,791495.6466000000,,,,,,,
783521.5940499505,784058.7737000000,,,,,,,
861640.1721595894,846318.3077000000,,,,,,,
943674.4365402377,925656.2486000000,,,,,,,
972011.5471011535,1031323.4300000001,,,,,,,
998822.4841250563,1044658.1400000000,,,,,,,
996771.9691197249,802070.1171000000,,,,,,,
735789.1938835563,807206.1622000000,,,,,,,
807736.8263139902,799505.4803000001,,,,,,,
886966.1761821798,813509.4966000000,,,,,,,
920922.6446735330,935824.8336000000,,,,,,,
994074.6109612882,1036149.1940000000,,,,,,,
1014952.2751313127,1041726.4780000000,,,,,,,
1000386.8118073747,837342.2878000000,,,,,,,
772533.7711467174,804326.5545000000,,,,,,,
802871.0419244855,788387.5792000000,,,,,,,
871815.5716355674,818244.8181000000,,,,,,,
922768.2097837345,948848.5786000000,,,,,,,
1000823.3330638044,1077929.1610000001,,,,,,,
1044913.6949425520,952747.8731000000,,,,,,,
899446.5472152143,831320.4555000000,,,,,,,
761563.1420841308,795165.4421000000,,,,,,,
791924.1328720698,765950.5011000000,,,,,,,
840070.3150623996,758192.0856000000,,,,,,,
856016.1266095203,939124.3308000000,,,,,,,
987122.2091044565,1036788.9780000000,,,,,,,
1000500.8931170525,1012020.0550000001,,,,,,,
950819.2365965105,784350.1261000000,,,,,,,
706156.5502912072,787755.6343000000,,,,,,,
776869.9972890727,805433.5662999999,,,,,,,
878185.8530402004,768682.1354000000,,,,,,,
860787.5101283659,952769.6813000001,,,,,,,
995712.7156533869,1036400.6070000000,,,,,,,
1000353.8893951256,1223182.4900000000,,,,,,,
1157120.0557545372,965198.1282000000,,,,,,,
867619.7585334552,1124831.5759999999,,,,,,,
1073828.3188382802,1170479.9860000000,,,,,,,
1192112.3789995252,1189029.8750000000,,,,,,,
1212249.1604108694,1362720.2690000001,,,,,,,
1330274.5117549363,1396168.8270000000,,,,,,,
1282790.7995673269,1363555.2960000001,,,,,,,
1233971.0052343635,992148.9926999999,,,,,,,
859057.4305305978,996079.8363000000,,,,,,,
944522.0815951731,1003835.3210000000,,,,,,,
1036882.7347642863,1040257.3340000000,,,,,,,
1089315.8802776979,1038611.8840000000,,,,,,,
1038202.4150142707,1118707.7450000001,,,,,,,
1047060.8877434360,1060819.0530000001,,,,,,,
982915.1506817979,732059.5482000000,,,,,,,
644458.7789778310,843185.8907000000,,,,,,,
828944.5532151354,806399.3618000000,,,,,,,
875130.2571113928,859827.6422999999,,,,,,,
936956.9191338560,982467.4849000000,,,,,,,
1006845.2918939019,1277320.4760000000,,,,,,,
1208813.0377215240,1226616.5940000000,,,,,,,
1121066.6214770554,858681.4913000000,,,,,,,
725548.7821847071,855454.8636000000,,,,,,,
804172.7168293893,828095.7733000000,,,,,,,
874759.0357216318,734890.4161000000,,,,,,,
807081.3017039530,877321.7841000000,,,,,,,
910483.0652250239,1005335.1660000000,,,,,,,
965994.0656970078,972552.8517000000,,,,,,,
911145.6358145764,754560.0853000000,,,,,,,
675477.8243035547,726124.3762000001,,,,,,,
717038.2459028054,736211.0645000000,,,,,,,
814432.9106719857,735883.8621000000,,,,,,,
836678.1354054635,838238.7800000000,,,,,,,
891302.4213819705,969115.4604000000,,,,,,,
945858.8844793983,941701.9440000000,,,,,,,
900133.5039141310,740460.2159000000,,,,,,,
679931.0762577823,758836.0159999999,,,,,,,
764081.7529149809,754429.2726000000,,,,,,,
840977.0182353841,763256.1574000000,,,,,,,
867814.9863820139,911314.3234000000,,,,,,,
965145.5563427967,1094088.6120000000,,,,,,,
1049741.3861677197,1149463.8400000001,,,,,,,
1072482.6047063074,858615.8560000000,,,,,,,
751695.0509205617,877195.0788000000,,,,,,,
834238.6960452043,845414.0252000000,,,,,,,
890552.0510471346,784985.4140000000,,,,,,,
851114.0331425030,848006.9775000000,,,,,,,
873524.7071602705,879843.9996000000,,,,,,,
838301.0636733880,986751.9440000000,,,,,,,
930565.0837318309,798539.3726000000,,,,,,,
716479.7245612285,822309.5955000001,,,,,,,
789717.5272334741,918502.4191000001,,,,,,,
959311.1162529659,981395.1816000000,,,,,,,
1026880.4254696674,1185262.1450000000,,,,,,,
1162916.2882582336,1287521.1220000000,,,,,,,
1172940.9170942581,1141825.9750000001,,,,,,,
1005376.0334303491,844341.7753000000,,,,,,,
704923.4155610079,800575.0487000000,,,,,,,
748296.1244315212,768612.2802000000,,,,,,,
813193.8379043671,744128.4048000000,,,,,,,
816934.0439291666,829934.0408000000,,,,,,,
861366.9182223844,920236.0534000000,,,,,,,
880578.7859602706,898203.3434000000,,,,,,,
845348.5910156781,721369.7733999999,,,,,,,
652150.7556504679,730281.6062000000,,,,,,,
725110.2101248688,688398.3366000000,,,,,,,
765431.6542513659,705031.8246000001,,,,,,,
804918.4407330570,848480.7270000000,,,,,,,
901523.7480242152,891545.2277000000,,,,,,,
865612.0235199211,909979.5941000000,,,,,,,
867024.4537942528,644300.4785000000,,,,,,,
578770.6747231379,687779.5414000000,,,,,,,
686942.9832653069,692808.3568000000,,,,,,,
774650.5731394010,695709.0592000000,,,,,,,
790913.1050014606,821830.5625999999,,,,,,,
865204.7093379025,886231.2023000000,,,,,,,
850020.7675067073,921212.5723999999,,,,,,,
864609.0574064511,732341.2781999999,,,,,,,
653333.2737244258,708915.5590000000,,,,,,,
687544.0156310883,659608.3893000000,,,,,,,
721337.0075859325,727080.0220000000,,,,,,,
810193.3236842630,793553.4343000000,,,,,,,
826401.3090792843,859200.9982000000,,,,,,,
812576.3323646087,870018.5292000000,,,,,,,
810299.3047881055,636106.6256000000,,,,,,,
559319.8872836747,712098.4051000000,,,,,,,
697089.4637856289,712077.8000000000,,,,,,,
775416.5870637500,696927.8392000000,,,,,,,
773805.1607271290,785689.4640000000,,,,,,,
816833.7599894004,904451.8710000000,,,,,,,
861871.5883761122,870818.6988000000,,,,,,,
812404.0335530555,666098.5580000000,,,,,,,
590789.9897224106,656235.6487000000,,,,,,,
649323.9517503964,663166.8198000001,,,,,,,
740925.0988327748,687282.2531000000,,,,,,,
785212.8749837648,735388.0436000000,,,,,,,
785630.2257225009,860961.1882000000,,,,,,,
837456.6216037008,877161.3497000000,,,,,,,
838536.1223076251,658726.8408000000,,,,,,,
597795.7250963657,645022.4309000000,,,,,,,
648099.1091071066,665365.4816000001,,,,,,,
752499.6768053018,677201.8361000000,,,,,,,
772871.7709197088,753400.3861000000,,,,,,,
797942.8470562079,831183.1803000000,,,,,,,
800077.8794832868,874164.5251000000,,,,,,,
826237.0507178925,662755.5130000000,,,,,,,
591772.3706578440,664103.8325000000,,,,,,,
651255.6497488567,678450.3300000000,,,,,,,
745918.7031448572,635005.9406000000,,,,,,,
719993.7944634283,736839.7947000000,,,,,,,
773938.7557305313,845792.2712000000,,,,,,,
807844.7143396823,880544.4726000000,,,,,,,
820604.3389866158,628905.9010000000,,,,,,,
545556.5927604231,665686.6253000000,,,,,,,
644049.6108310675,619735.6527000000,,,,,,,
682305.6169191196,653923.2334000000,,,,,,,
734658.8640143743,734602.9608999999,,,,,,,
768558.0711877410,857624.7776000000,,,,,,,
812988.3363568470,801678.8146000000,,,,,,,
741595.2140141740,631939.7916000000,,,,,,,
554524.8544690723,626734.5029000000,,,,,,,
615898.0091910537,684855.8094000000,,,,,,,
752799.6462531876,659653.1340000000,,,,,,,
744625.3459409652,751616.3029000000,,,,,,,
787159.3558788669,836900.2837000000,,,,,,,
801174.1852951227,817686.3492000001,,,,,,,
768510.1547104414,633466.8915000000,,,,,,,
568230.7675987761,616102.1918000000,,,,,,,
616039.5441771443,645762.5346000000,,,,,,,
727649.2922830904,662981.9403000000,,,,,,,
763043.1150709279,736696.7112000000,,,,,,,
785512.5491512375,846833.8767000000,,,,,,,
819545.1040014959,788458.1411000000,,,,,,,
748944.2449797272,687580.1520000000,,,,,,,
627770.1368829065,634439.6665000001,,,,,,,
634863.3962499099,618171.2055000000,,,,,,,
695652.0824548694,637874.1561000000,,,,,,,
738441.9886546989,717457.9263000001,,,,,,,
768249.4739397198,848273.9985000000,,,,,,,
819401.4171466464,833534.7831999999,,,,,,,
784389.4114147651,624687.3252000000,,,,,,,
552441.0894773237,646662.7996000000,,,,,,,
636641.1260995385,673046.7080000000,,,,,,,
740991.2973177121,653421.6783000000,,,,,,,
735498.9209489726,753609.2054000000,,,,,,,
785398.6416016181,858097.8668000000,,,,,,,
814023.8328492985,820283.3726999999,,,,,,,
758849.1720162386,626076.4034000000,,,,,,,
547257.4735002168,631722.7530000000,,,,,,,
618652.3737146552,665271.2371000000,,,,,,,
732342.6697828551,643464.7530000000,,,,,,,
727988.8937629213,758086.2028000000,,,,,,,
793705.5635703390,864920.2160000000,,,,,,,
825783.6393529032,837029.0661000001,,,,,,,
780737.3890004393,619457.0790000000,,,,,,,
547434.2651835571,624217.1147000000,,,,,,,
620672.2309349724,642763.5419000000,,,,,,,
723210.9785731528,644482.9968000000,,,,,,,
743490.9554167953,747809.6409999999,,,,,,,
797713.4644595463,909702.7482000000,,,,,,,
881195.3428328134,847751.0997000000,,,,,,,
798647.1208651448,652863.1166000000,,,,,,,
583952.2864269650,612087.3942000000,,,,,,,
618083.4006883579,630068.7640000000,,,,,,,
719790.8809019891,670846.6228000000,,,,,,,
779176.2907819309,761217.6846000000,,,,,,,
814803.4888557303,863227.5778000000,,,,,,,
835743.3137357698,849729.1466000000,,,,,,,
803737.6696270384,655679.6859000000,,,,,,,
588527.8673901982,634997.5233000000,,,,,,,
630200.7839564047,656036.9706000000,,,,,,,
731675.3078130031,655721.1729000000,,,,,,,
748666.4516892929,732848.8894000000,,,,,,,
774645.0085397485,845252.8336000000,,,,,,,
810596.8586032984,842828.6397000001,,,,,,,
790089.6107905881,674454.0105000000,,,,,,,
598661.9657418253,655625.1624000000,,,,,,,
640275.6186739921,653805.0422000000,,,,,,,
719145.8973380650,673501.3003000000,,,,,,,
759366.8117968753,785076.9075000000,,,,,,,
820991.0780047899,828818.0125000000,,,,,,,
788490.9524143093,898437.3736000000,,,,,,,
842665.2019674054,666738.2940000000,,,,,,,
592427.2502806420,644384.8857000000,,,,,,,
631982.9337382279,647132.7701000000,,,,,,,
723112.6942058443,666290.4787000000,,,,,,,
764202.3182710730,758350.3890000000,,,,,,,
807786.0894708507,843611.1877000000,,,,,,,
817575.8807442023,865972.7938000000,,,,,,,
824502.2171253837,650525.2971000000,,,,,,,
590023.1671425358,635307.1583000000,,,,,,,
638391.7114716083,626953.0917000000,,,,,,,
715468.4739160964,718993.9772000000,,,,,,,
825242.0284692836,779093.3274000000,,,,,,,
840278.3732141581,897476.7679000000,,,,,,,
875958.3364981901,917975.3401000000,,,,,,,
878621.9274264985,641158.6901000000,,,,,,,
579966.8211424768,670170.9818000000,,,,,,,
674153.6607097952,655382.0535000000,,,,,,,
744376.6838647989,673084.6121000000,,,,,,,
777362.6315914410,779265.5273000000,,,,,,,
832571.8243761867,888952.5951000000,,,,,,,
861173.5422499054,885488.4397000000,,,,,,,
836608.5642013610,692048.0353000000,,,,,,,
620605.6351765014,675881.7372000000,,,,,,,
666162.4103127866,692033.8991000000,,,,,,,
763255.0721723700,687231.7648000000,,,,,,,
776980.0788761567,806001.7552000000,,,,,,,
844997.1069591084,871277.7861000000,,,,,,,
833680.1072987064,896026.7235000000,,,,,,,
841197.4751888661,684697.0106000000,,,,,,,
611785.2501339029,731118.8192000000,,,,,,,
718920.3807655722,690130.4122000000,,,,,,,
759507.8564654707,708381.9333000000,,,,,,,
797187.1316515286,769303.9935000000,,,,,,,
814844.2956805383,844673.7399000000,,,,,,,
818198.0238449707,916475.8986000000,,,,,,,
876695.2767935069,657096.7230999999,,,,,,,
597043.1295045277,668718.6047000000,,,,,,,
671455.0050534599,728890.4453000000,,,,,,,
816794.9881085004,696703.4932000000,,,,,,,
799676.8186161924,786554.4210000000,,,,,,,
839694.0065096031,938583.2898000000,,,,,,,
917329.2266737201,934851.0639000000,,,,,,,
906414.1925692071,741903.1213999999,,,,,,,
688103.5492937762,742939.6855000000,,,,,,,
750604.9374937434,717529.1856000000,,,,,,,
806036.8338374203,684646.5598000000,,,,,,,
794259.7262659853,809008.2650000000,,,,,,,
872644.0420162959,926579.6960999999,,,,,,,
911781.9957097487,895554.2361000000,,,,,,,
858281.7168679272,718823.4831000000,,,,,,,
659843.2301471818,748169.2916000000,,,,,,,
749691.3624533955,748091.7204000000,,,,,,,
825063.3070576565,744937.5963000000,,,,,,,
837112.7400466742,825534.3088999999,,,,,,,
869101.2341732071,936206.2635000000,,,,,,,
903946.2069225921,925515.8240000000,,,,,,,
876030.5096088785,706213.0418000000,,,,,,,
637330.2330610006,773098.2174000000,,,,,,,
767351.2559645876,762058.8391000000,,,,,,,
834958.1037183366,721898.8522000000,,,,,,,
811475.0107257349,850502.6605999999,,,,,,,
896304.3060067985,956616.6397000001,,,,,,,
928085.7234859990,1000467.3130000000,,,,,,,
950737.2270646339,739226.6064000000,,,,,,,
669083.0151583850,749718.5418000000,,,,,,,
745289.8643001864,786440.9091000000,,,,,,,
868709.9898744535,849976.4650000000,,,,,,,
946194.2551788917,1222322.3419999999,,,,,,,
1251538.2475454547,1720659.0740000000,,,,,,,
1628234.4482684105,2415464.7930000001,,,,,,,
2217734.4331371100,2308871.2790000001,,,,,,,
1989091.1830839310,2235191.1919999998,,,,,,,
1910035.7504236484,1950870.2790000001,,,,,,,
1700627.2810652601,1333756.7579999999,,,,,,,
1158843.2839355280,1145144.7250000001,,,,,,,
1013590.1879966143,987985.9047000000,,,,,,,
870522.2759705642,1015509.4669999999,,,,,,,
926716.7363470341,743032.1872000000,,,,,,,
656024.4213158565,801504.9764000000,,,,,,,
777147.4334920069,746808.9505000000,,,,,,,
805806.4096433275,735650.8294000000,,,,,,,
811982.3757806111,791569.9776000000,,,,,,,
825248.2306795433,889035.3882000000,,,,,,,
849519.1995022495,852006.4727000000,,,,,,,
798759.9920310247,642977.6740000000,,,,,,,
572437.4919688894,663448.8678000000,,,,,,,
658231.2212294153,632629.4562000000,,,,,,,
709001.3449272390,656626.9615000000,,,,,,,
752048.8314399921,750880.7707000000,,,,,,,
798910.9252320598,864927.0233999999,,,,,,,
834774.4124688668,899169.2624000000,,,,,,,
849904.5190817323,673460.4697000000,,,,,,,
602034.5486498032,651452.4672000000,,,,,,,
644410.8127927063,628906.8427000000,,,,,,,
710584.1397214754,639728.2070000001,,,,,,,
745902.4877720380,766401.1139000000,,,,,,,
825820.4559061447,850657.7203000000,,,,,,,
832402.9813064210,901954.3551000000,,,,,,,
864279.4759307451,679441.7718000000,,,,,,,
620751.6278120491,673777.5261000000,,,,,,,
676627.9646706337,661417.9724000000,,,,,,,
749978.4963330630,688990.8025000000,,,,,,,
797708.3638006848,817635.2712000000,,,,,,,
875420.5733423611,888171.8365000000,,,,,,,
875875.5087934369,904591.3124000001,,,,,,,
873097.4743787714,704033.5420000000,,,,,,,
652674.1651436308,713300.6554000000,,,,,,,
721638.5124680676,687848.1884000000,,,,,,,
776715.2846805791,685149.9353000000,,,,,,,
792986.7840685071,788319.2815000000,,,,,,,
848166.5439618310,938498.9743999999,,,,,,,
917750.0587821518,949435.4328000000,,,,,,,
903534.8782291966,705587.9092000000,,,,,,,
634001.1465473457,756930.2038000000,,,,,,,
747410.5464932492,685275.0317000001,,,,,,,
758349.8135127979,722109.4994000000,,,,,,,
813564.6203964819,802677.0346000000,,,,,,,
848706.6616361378,920987.1175000001,,,,,,,
887635.8813289732,881190.6967000000,,,,,,,
831455.3108350564,692773.4374000001,,,,,,,
624727.9127680126,685399.9675000000,,,,,,,
683633.9496738755,737668.6605000000,,,,,,,
816283.1930069634,687664.5307999999,,,,,,,
784620.5463045144,804011.0965000000,,,,,,,
853079.8010106854,920750.8119000000,,,,,,,
897227.0398878811,948807.9961000000,,,,,,,
904953.1194136098,724286.4049000000,,,,,,,
659047.0556403138,667980.0278000000,,,,,,,
669158.7399293167,726180.2483000000,,,,,,,
815791.0003067408,681809.2402999999,,,,,,,
793544.4040846282,778745.6952000000,,,,,,,
841952.8479957165,890208.6064000000,,,,,,,
882845.9764449147,964131.9314999999,,,,,,,
934457.8341643136,710600.7115000000,,,,,,,
654272.2693364811,722169.4898000000,,,,,,,
725037.7726356128,713680.2976000000,,,,,,,
800981.6135776247,720358.9508000000,,,,,,,
824517.9659900245,861808.2332000000,,,,,,,
914079.8986686037,922031.6098000000,,,,,,,
892971.4485340494,922108.7355000000,,,,,,,
872995.2637262364,699203.0596000000,,,,,,,
632678.4228074321,704145.4828999999,,,,,,,
700618.0868664971,712356.1682000000,,,,,,,
790554.1357229106,693154.1565000000,,,,,,,
788932.8688678343,831353.0100000000,,,,,,,
877267.5242530449,872082.2308000000,,,,,,,
841549.6740285053,915991.2730000000,,,,,,,
867555.6270698229,732770.1389000000,,,,,,,
665265.0242896563,697531.4974000000,,,,,,,
689381.6141546641,742743.6420000000,,,,,,,
817301.7729686173,684437.3379000000,,,,,,,
780820.5180065567,853972.2781000000,,,,,,,
901745.2508396677,893792.1975000000,,,,,,,
867970.1010266403,985703.7112000000,,,,,,,
939160.7047814764,685363.3116000000,,,,,,,
621623.8662342915,712612.6867000000,,,,,,,
713057.0763422361,712092.4105999999,,,,,,,
802599.6242966148,663448.0051000000,,,,,,,
774005.9999043579,823140.8450000000,,,,,,,
888370.8436265506,927843.9857000000,,,,,,,
916081.2295490195,908723.0611000000,,,,,,,
874393.7845721141,732050.4042000000,,,,,,,
678120.6895900427,706336.7973000000,,,,,,,
707632.6946596627,708280.4328000000,,,,,,,
790933.0159256272,686723.0826000000,,,,,,,
790544.3412365379,784200.8500000000,,,,,,,
840075.0966469701,937829.7208000000,,,,,,,
915574.3798393706,1040600.0800000000,,,,,,,
989920.6149517607,836262.5741000000,,,,,,,
749666.9773357403,905867.3300000000,,,,,,,
868472.5041872772,1020388.4449999999,,,,,,,
1052494.3756522206,1062434.6760000000,,,,,,,
1093568.6023687865,1170907.4970000000,,,,,,,
1137379.0565980840,1291286.5140000000,,,,,,,
1174332.2175620559,1154771.9480000001,,,,,,,
1021502.8490346870,760163.5130000000,,,,,,,
624207.6758681932,760327.3520000000,,,,,,,
716605.6944426636,709523.2578000000,,,,,,,
767153.7393780211,725949.6536000000,,,,,,,
806943.3861909765,783839.3551000000,,,,,,,
821731.2772228356,900127.7517000000,,,,,,,
864044.6513858153,866100.8448000000,,,,,,,
816980.9621784219,664204.9834000000,,,,,,,
598172.7740852555,705632.2678000000,,,,,,,
705648.4445262406,664718.7136000000,,,,,,,
746396.2549254001,703658.7251000000,,,,,,,
804666.1552842776,805227.0456000000,,,,,,,
859537.9217662533,855319.1351000000,,,,,,,
832908.6476813587,872880.0955000001,,,,,,,
837542.4801870327,673778.3400000000,,,,,,,
622370.8006048872,715786.7806000001,,,,,,,
724652.8171665588,664192.5522000000,,,,,,,
753559.6783001998,773241.2595000000,,,,,,,
868298.0313896738,933056.3292000000,,,,,,,
971385.4499506817,1060764.9199999999,,,,,,,
1005132.7800427921,987182.4640000000,,,,,,,
907290.7531194669,715757.7857000000,,,,,,,
621210.2615531138,702603.0592000000,,,,,,,
682714.8648591980,700463.6241000000,,,,,,,
768276.6995812609,724759.2709000000,,,,,,,
810203.3818606756,853805.6076000000,,,,,,,
885651.8647437342,1040806.9440000000,,,,,,,
985933.9821961393,1022860.5310000000,,,,,,,
938578.2820277340,778088.0766000000,,,,,,,
667834.5730029515,720654.1881000000,,,,,,,
679990.4037792824,695326.1253000000,,,,,,,
745940.6367811091,674919.5198000000,,,,,,,
752512.5390885588,799604.9368000000,,,,,,,
831739.9626227289,950207.5742000000,,,,,,,
903613.2165760363,953059.7903000000,,,,,,,
882219.7610879135,765212.5755000000,,,,,,,
669957.6937309186,772228.5339000000,,,,,,,
739392.0483334259,747533.5531000000,,,,,,,
797294.6626670117,717430.7504000000,,,,,,,
790790.9154144300,779045.5887000000,,,,,,,
812103.3089660879,894633.1753000000,,,,,,,
858403.2269678715,881167.9115000000,,,,,,,
831263.8415123221,706875.3753000000,,,,,,,
637261.2376537391,765302.3235000001,,,,,,,
756438.9544867880,807745.3321000000,,,,,,,
872581.9804634646,965064.5346000000,,,,,,,
1034517.2634294105,1033275.1150000000,,,,,,,
1037892.2363759283,1140790.3110000000,,,,,,,
1057249.9095104467,1040282.5720000000,,,,,,,
933466.5980980437,765932.2007000000,,,,,,,
649744.4846326492,666599.8251000000,,,,,,,
631952.2104885743,663447.9311000000,,,,,,,
725177.5912985583,642946.2614000000,,,,,,,
732345.3289155827,775465.1335999999,,,,,,,
815434.4834089990,827252.4467000000,,,,,,,
789543.1090877925,827805.6647000000,,,,,,,
771573.6738246547,632468.1862000000,,,,,,,
558356.1411709703,655570.3381000001,,,,,,,
641036.6679182595,593276.6144000000,,,,,,,
658905.2759033866,626156.3332000000,,,,,,,
711742.4134968399,698518.4935000000,,,,,,,
738187.8784384184,801677.2865000000,,,,,,,
763306.8717429192,842675.2024000000,,,,,,,
786451.2776617226,638686.5395000000,,,,,,,
558467.5801286337,647436.2878000000,,,,,,,
626607.7724505860,637400.1993000000,,,,,,,
699045.8093055170,619101.0559000000,,,,,,,
701716.5654737430,716626.3480000000,,,,,,,
754635.1803514718,831687.8925000000,,,,,,,
795841.7471397605,788208.2663000000,,,,,,,
736626.4885048069,629272.5115000000,,,,,,,
560298.1948706792,590360.2242000001,,,,,,,
587708.2802068287,623150.5982000000,,,,,,,
702574.3101042211,609595.0975000000,,,,,,,
710843.3571120192,702548.9729000001,,,,,,,
755197.7356295816,770388.7770000000,,,,,,,
750674.2095054897,788353.3937000000,,,,,,,
754303.7226339979,609304.8195000000,,,,,,,
556096.7895421819,628155.8055000000,,,,,,,
624484.6148078647,599936.4301000000,,,,,,,
675008.0168526717,632126.2774000000,,,,,,,
724933.4666439911,723941.0144000000,,,,,,,
766895.6914536749,784525.0353000000,,,,,,,
748698.4097352542,792932.3601000000,,,,,,,
741340.7300449467,617097.6572000000,,,,,,,
545386.1515310154,610625.3885999999,,,,,,,
597081.4558527328,632672.2597000001,,,,,,,
696594.7796891867,618279.0673000000,,,,,,,
698692.5596369429,690777.7013000000,,,,,,,
721406.1869065025,798611.1189000000,,,,,,,
754658.4402570248,789288.9967000000,,,,,,,
728357.8497817047,557964.6182000000,,,,,,,
477513.6937898670,625858.4582000000,,,,,,,
608718.2888899154,574550.7177000000,,,,,,,
637917.0366778985,605426.2479000000,,,,,,,
685510.5689050914,710945.9501000000,,,,,,,
744779.2674568605,778303.9118999999,,,,,,,
734496.3022288722,760765.7818000000,,,,,,,
703384.6934746084,569449.9584000000,,,,,,,
497666.9975150827,575351.3804000000,,,,,,,
568581.3047314360,585191.7621000001,,,,,,,
660322.6607394591,607284.8219000000,,,,,,,
701038.5444561490,706354.1208000000,,,,,,,
750447.8885212841,793482.9107000000,,,,,,,
761133.3348350744,743135.5760999999,,,,,,,
697433.4674637428,628458.0770000000,,,,,,,
566125.0888865944,589724.5824000000,,,,,,,
589376.6663433277,584791.1507999999,,,,,,,
662760.5708963908,598279.4371000000,,,,,,,
698912.9123990622,623905.6270000000,,,,,,,
670094.5115994533,749425.8021000000,,,,,,,
722836.7762032471,775821.5995000000,,,,,,,
733632.7113758830,582133.4335000000,,,,,,,
513630.9062632900,563156.9923000000,,,,,,,
553691.8823469515,567375.6954000000,,,,,,,
638994.5635546291,551128.3824999999,,,,,,,
641995.1508896372,659125.6382000000,,,,,,,
700298.2367965106,757896.6108000000,,,,,,,
721319.2922992341,718934.0263000000,,,,,,,
663486.1103994622,601896.6300000000,,,,,,,
525047.3256953135,532508.1088000000,,,,,,,
515798.7663412000,572469.5866000000,,,,,,,
633662.4317463577,559829.2767000000,,,,,,,
642516.8543961197,644818.2672999999,,,,,,,
676650.5216730378,740611.7163000000,,,,,,,
698399.3557887282,775339.1706000000,,,,,,,
715794.1389694829,557562.7365000000,,,,,,,
476533.2810914897,570342.8706000000,,,,,,,
551042.3942223501,543564.5584000000,,,,,,,
608897.0727422218,568463.4018000000,,,,,,,
654715.0505779644,656757.2299000000,,,,,,,
696774.1891532117,763857.1134000000,,,,,,,
727526.5653499585,711828.7696000000,,,,,,,
661767.8071023385,570545.3014000000,,,,,,,
503844.8746359627,547143.1642000000,,,,,,,
545140.2059206178,564128.0169000000,,,,,,,
641503.3509223477,587735.1797000000,,,,,,,
685029.9618244672,662924.0283000000,,,,,,,
709828.0547223098,753595.5566000000,,,,,,,
724825.0206195286,710073.1184000000,,,,,,,
668236.1698023303,586658.7665000000,,,,,,,
527007.4720541673,581008.3415000000,,,,,,,
580745.8208054444,556946.9817000000,,,,,,,
632105.1641011792,553344.1620000000,,,,,,,
649187.1353820472,702564.4658000000,,,,,,,
748876.0395607498,729078.6163000000,,,,,,,
695809.7499714321,757562.5320000000,,,,,,,
705494.0092882070,570858.3774000000,,,,,,,
500308.2316995237,553446.7831999999,,,,,,,
540685.6244422368,599363.0164000000,,,,,,,
665185.3037749440,599006.7653000000,,,,,,,
679760.6830298294,630224.6231000000,,,,,,,
659637.3807024092,727817.7938000000,,,,,,,
685801.3362552074,746713.0054000000,,,,,,,
691580.4868144570,561994.6279000000,,,,,,,
484227.9762323850,578708.3907000000,,,,,,,
559898.4090937634,585743.2347000000,,,,,,,
645911.9233572900,553498.9766000001,,,,,,,
632601.2186512474,715118.0209999999,,,,,,,
746503.5160584487,750462.8574000000,,,,,,,
706396.5408860267,729418.4909000000,,,,,,,
669972.1730941476,589718.0974000000,,,,,,,
517195.7582426771,588560.4738000000,,,,,,,
577079.8908610141,594282.6746000000,,,,,,,
660861.0446462496,571257.2130000000,,,,,,,
659201.0502040901,646856.7912000000,,,,,,,
690388.4886402597,748246.8970000000,,,,,,,
720765.8161241119,738775.8778000000,,,,,,,
696893.5476094745,563321.5098999999,,,,,,,
501931.0823430585,574063.3058000000,,,,,,,
574147.4471130820,590210.8220000000,,,,,,,
674517.9748433329,559772.9299000000,,,,,,,
661370.5681908211,628770.8572000000,,,,,,,
683378.7986775627,697874.1064000000,,,,,,,
681339.0362111862,712374.0704000000,,,,,,,
681322.3315054888,574050.9949000000,,,,,,,
520201.8564491940,577494.1189000000,,,,,,,
577537.6297994803,574842.1480000000,,,,,,,
649029.2537430391,593854.6422000000,,,,,,,
684448.5518987282,685425.7659000000,,,,,,,
724526.1863276098,760625.8469000000,,,,,,,
721469.9285629110,766963.7368000000,,,,,,,
711147.9414119202,566489.0709000000,,,,,,,
491134.2830521498,560548.4335000000,,,,,,,
546874.4108474954,568295.5894000001,,,,,,,
636294.0042712212,586091.4592000000,,,,,,,
672288.0517665818,675149.8442000001,,,,,,,
711237.5751784015,730835.5735000001,,,,,,,
692085.2619086398,778191.1812000000,,,,,,,
725548.9895162201,599708.4735000000,,,,,,,
527118.3281204219,602893.1895000000,,,,,,,
588237.8730327479,597831.6117000000,,,,,,,
664660.6026425574,592704.1300000000,,,,,,,
680808.1911138265,652825.1503000000,,,,,,,
696675.9023988115,800533.4626000000,,,,,,,
771644.4582539138,753134.7031000000,,,,,,,
709021.0840972906,615463.1635000000,,,,,,,
550151.6850928988,546966.7159000000,,,,,,,
546939.8936538375,605789.1642999999,,,,,,,
686660.5655694838,636311.0020000000,,,,,,,
736468.2756521809,666568.2724000000,,,,,,,
713000.9165080696,783920.5607000000,,,,,,,
765606.4427824247,770500.7417000000,,,,,,,
738830.9411903510,584391.0695000000,,,,,,,
530749.1897910362,598966.5560000000,,,,,,,
606201.4731094133,605837.8507000000,,,,,,,
690535.1943111860,614758.9449999999,,,,,,,
714566.0639474032,700980.2303000001,,,,,,,
749501.1122942520,785411.0167000000,,,,,,,
756425.4558575739,795887.3931000000,,,,,,,
749237.7943753222,615094.6266000000,,,,,,,
546237.3908624072,614591.7649000000,,,,,,,
604204.8001849704,595818.6968000000,,,,,,,
664915.7235635256,623344.3624000000,,,,,,,
711097.3744172743,652754.9595000000,,,,,,,
693176.3866053834,798232.8646000000,,,,,,,
763656.9894426896,786956.7526000000,,,,,,,
737031.9933934956,628088.2784000000,,,,,,,
553651.2422080813,615785.3234000000,,,,,,,
602578.4482134928,639103.3269000000,,,,,,,
705201.8913255689,605191.3841000000,,,,,,,
692053.1334838781,695134.0304000000,,,,,,,
736317.3877273402,808785.2099000000,,,,,,,
778429.9966323131,834164.3855000000,,,,,,,
786248.1263620231,586190.5058000000,,,,,,,
518341.0346737974,617100.3791000000,,,,,,,
614569.0050046828,583578.7678000000,,,,,,,
667359.0018128762,636802.4663000000,,,,,,,
739242.2208025681,726680.0215000000,,,,,,,
780341.3612321924,827026.5987000000,,,,,,,
800972.9482347798,828732.3857000000,,,,,,,
785985.3065930195,644662.0019000000,,,,,,,
592964.0585347341,659284.0954000000,,,,,,,
667564.1287829559,636224.9557000000,,,,,,,
723533.4475027544,639992.9165000001,,,,,,,
745772.2053803697,713104.1940000000,,,,,,,
771615.2672254458,822874.2764000000,,,,,,,
804710.4931261406,788378.3510000000,,,,,,,
753267.9685310511,626713.4408000000,,,,,,,
570296.6859622012,634210.3583000000,,,,,,,
638021.2701871978,676715.1015000000,,,,,,,
754733.4255532272,619957.2381000000,,,,,,,
713203.1437457141,685112.2210000000,,,,,,,
731073.0235385225,791247.9462000000,,,,,,,
767469.6630019760,836842.3014999999,,,,,,,
795051.8845799880,664022.2773000000,,,,,,,
595942.5900422435,619529.1500000000,,,,,,,
609348.1746520784,660235.9733000000,,,,,,,
732151.4518192367,647058.7233000000,,,,,,,
739638.3216586644,753360.0320000000,,,,,,,
795654.0001677750,819667.2346000000,,,,,,,
788555.2661049146,839476.3767000000,,,,,,,
793563.4621363233,643421.1200999999,,,,,,,
580181.3856308645,674782.7145000000,,,,,,,
672694.7235741547,647997.4566000000,,,,,,,
727410.9579087006,661513.1714000000,,,,,,,
760841.3911723625,873128.2876000000,,,,,,,
922283.9329449756,1191659.4820000001,,,,,,,
1145602.1263460456,1644660.2379999999,,,,,,,
1533956.3536107112,1597185.4430000000,,,,,,,
1400512.2333157659,1872920.1410000001,,,,,,,
1673877.8243999737,1954906.8670000001,,,,,,,
1795892.3944850592,1759022.9960000000,,,,,,,
1613530.2617368484,1567935.8189999999,,,,,,,
1395113.4842028450,1354147.8890000000,,,,,,,
1160148.6353155463,1207027.7460000000,,,,,,,
1054225.1421458034,842029.0286000000,,,,,,,
715769.6288824442,838800.3386000000,,,,,,,
801900.3271349411,818736.4277999999,,,,,,,
877804.0459329123,857908.9244000000,,,,,,,
934739.8077781852,834343.2024000000,,,,,,,
863906.0294596555,917562.0002000000,,,,,,,
876963.4479498026,913587.7004000000,,,,,,,
866183.6005220107,736689.6482000001,,,,,,,
668733.3834608909,701074.9941000000,,,,,,,
694450.2870992922,685617.3465000000,,,,,,,
761778.0484937923,689176.5643000000,,,,,,,
788502.7157409223,823142.6743000000,,,,,,,
873586.4884415218,909233.8333000001,,,,,,,
880504.7185520630,1007309.6750000000,,,,,,,
955545.6620371903,706565.1240000000,,,,,,,
632091.2189883119,693380.4606000000,,,,,,,
683722.6880611771,700027.8769000000,,,,,,,
783745.9247794107,719164.2769000001,,,,,,,
823521.5823896662,788472.6002000000,,,,,,,
844943.9554043085,909881.9308000000,,,,,,,
891692.3838660205,958013.3039000001,,,,,,,
922485.2100008609,780695.2340000001,,,,,,,
719487.7462812158,706761.8300000000,,,,,,,
706265.9472907801,752218.9129999999,,,,,,,
837531.7835952251,764464.8927000000,,,,,,,
871832.0913823998,855219.5606000000,,,,,,,
909687.8215458427,939495.6729000000,,,,,,,
917795.4338503215,900481.4801000000,,,,,,,
865945.5086878526,729369.0594000000,,,,,,,
677910.3936978948,725836.8924000000,,,,,,,
737238.8109648204,721346.2696999999,,,,,,,
811201.0649092211,741584.1595000000,,,,,,,
848960.1726558210,779739.6663000000,,,,,,,
837870.8513432312,883894.0034000000,,,,,,,
867112.3653756924,903622.1414000000,,,,,,,
871350.3194950790,682805.1786000000,,,,,,,
627202.3367719273,708015.9577000000,,,,,,,
712477.2761319494,735628.5076000000,,,,,,,
818796.2350140420,752218.6780000000,,,,,,,
847679.1123635469,829912.8316000000,,,,,,,
872595.8325889251,960468.6433000000,,,,,,,
925014.6386575177,969974.1622000000,,,,,,,
914959.8885053640,684740.6520000000,,,,,,,
609324.4472935899,695038.5980999999,,,,,,,
689134.0599433638,712515.5296000000,,,,,,,
795191.9553563682,761881.0227000000,,,,,,,
860218.0454154150,805183.9039000000,,,,,,,
852468.7698962762,946810.8284000000,,,,,,,
917972.6691931495,921592.4507000000,,,,,,,
878792.2222714380,713706.8780000000,,,,,,,
651407.2545444098,717816.3321999999,,,,,,,
722904.1437206370,697115.8247999999,,,,,,,
786936.8542999311,724981.7044000000,,,,,,,
835929.5769995305,820599.8838000000,,,,,,,
883932.6998655300,926545.3101999999,,,,,,,
912021.1403121066,877941.3620000000,,,,,,,
848040.6244506043,725951.3557000000,,,,,,,
677379.2730705051,684657.2798000000,,,,,,,
699928.0269632324,677787.9812000000,,,,,,,
773597.7863169005,693369.6936000000,,,,,,,
810769.7702106491,850569.0230000000,,,,,,,
914835.5470882617,913357.9877000001,,,,,,,
894151.4879066851,929684.6992000000,,,,,,,
888163.7604378641,736512.2433000000,,,,,,,
674587.9477297583,754143.5986000000,,,,,,,
750300.3333913665,717744.0096000000,,,,,,,
793168.9632690870,738945.2543000000,,,,,,,
832716.3709345071,816166.9214000000,,,,,,,
862259.5916190045,897033.1261000000,,,,,,,
866257.9184276864,940325.2449000000,,,,,,,
892821.7448542240,745592.2214000000,,,,,,,
675159.1323958737,723138.1907000000,,,,,,,
711916.6299210120,692327.4283000000,,,,,,,
766028.2266702008,746895.6813000001,,,,,,,
843041.9453662392,807013.3044000000,,,,,,,
855046.8708041884,902402.9117000001,,,,,,,
873929.2597497175,946572.7034999999,,,,,,,
903876.2735290567,735299.3056000000,,,,,,,
671052.7212792247,691612.6335000000,,,,,,,
690669.3900823676,720116.2932000000,,,,,,,
806634.1169466780,706797.2675000000,,,,,,,
816079.1181237675,813283.1347000001,,,,,,,
873993.1347112281,964590.5634000000,,,,,,,
948641.0182702319,1023603.8330000000,,,,,,,
983237.7460659337,871546.2024000000,,,,,,,
800049.5465198667,950744.7371000000,,,,,,,
929707.9173293104,1029671.4430000000,,,,,,,
1075981.5108677505,1036664.5890000000,,,,,,,
1083502.3287394813,1247893.9169999999,,,,,,,
1233393.2205584238,1295973.4500000000,,,,,,,
1195244.6114078506,1223307.8430000001,,,,,,,
1100831.4749516970,808687.6870000000,,,,,,,
684345.8920884338,782057.9524000000,,,,,,,
745760.9551169400,748492.3134000000,,,,,,,
815294.1259734314,688966.7193999999,,,,,,,
780780.5445258917,830444.2675000000,,,,,,,
878576.4290738977,877828.1380000000,,,,,,,
851228.1644367195,904548.7050000000,,,,,,,
858255.0912006735,728554.5070000000,,,,,,,
662137.1301195637,738850.7909000000,,,,,,,
729089.5046255547,728344.5223000000,,,,,,,
796943.8088840684,754049.9703000000,,,,,,,
840342.1240970962,800739.0693000000,,,,,,,
839163.8912115762,883069.2670000000,,,,,,,
848353.1042402318,956372.8273000000,,,,,,,
907827.2731461821,720801.2626000000,,,,,,,
649537.4061526519,712947.6978000000,,,,,,,
702639.4058354329,699406.7511000000,,,,,,,
776907.1422173298,753921.3125000000,,,,,,,
851999.3511416541,761429.1152000000,,,,,,,
812701.0244617382,897185.1776000001,,,,,,,
875613.5294124980,945042.6742000000,,,,,,,
910429.4614972171,697230.4745000000,,,,,,,
638463.4721388296,738709.5177000000,,,,,,,
742467.3004977100,719951.4466000000,,,,,,,
808008.4618629668,757546.3064000000,,,,,,,
862027.7541136768,878799.0155000000,,,,,,,
932682.0625631895,1045374.6000000000,,,,,,,
1001361.9652343732,1037554.8040000000,,,,,,,
967299.4905790291,832333.5377000000,,,,,,,
735912.6055693753,801810.4681000001,,,,,,,
769275.9039174414,734220.2470000000,,,,,,,
787901.7812296903,737217.5861000000,,,,,,,
817042.8014776979,810904.8506000000,,,,,,,
847201.6388193733,1012968.5730000000,,,,,,,
968759.2456542224,1049971.0850000000,,,,,,,
977552.6215701525,805689.3587000000,,,,,,,
700561.3124683766,866895.4009000000,,,,,,,
821128.0208310976,802831.3000000000,,,,,,,
838505.5063319308,733033.4637000000,,,,,,,
789741.8463527305,803427.8602000000,,,,,,,
824059.9383343427,907619.5908000000,,,,,,,
859981.0098244955,881197.8589000000,,,,,,,
818838.5723767268,734531.0595000000,,,,,,,
652272.4504776266,773024.4216000000,,,,,,,
750246.6500646129,830887.2605000000,,,,,,,
880354.3430017703,906905.8271000000,,,,,,,
965066.6798743763,1069504.9260000000,,,,,,,
1066055.6205019462,1223111.1799999999,,,,,,,
1130046.5749418223,1055880.6890000000,,,,,,,
942725.0919813315,764546.3375000000,,,,,,,
646965.8097700003,694215.7812000000,,,,,,,
667283.1047097006,666272.0381000000,,,,,,,
738490.3109005284,674792.3242000000,,,,,,,
776084.0475271629,812522.7312000000,,,,,,,
866671.4826937581,874058.5013000000,,,,,,,
849747.5281164737,891609.4476000000,,,,,,,
849159.7309806746,652142.0571000000,,,,,,,
593169.8240343303,613990.0618000000,,,,,,,
610861.7952100423,662565.1777999999,,,,,,,
745738.8073171043,676282.4608000000,,,,,,,
776136.9420946668,797382.4197000000,,,,,,,
840954.8174813596,793093.5973000000,,,,,,,
759481.7523934745,873317.8159000000,,,,,,,
824306.1395974532,631337.7422000000,,,,,,,
564203.1547944196,634396.8154000000,,,,,,,
624539.4041846679,634634.4212000000,,,,,,,
708222.1822899389,642173.9719000000,,,,,,,
732491.5400862034,735981.3818000000,,,,,,,
775657.4141558437,808858.5324000000,,,,,,,
771434.5527041185,859867.3852000000,,,,,,,
804304.1129952653,629346.8112999999,,,,,,,
551939.9803216478,671004.8630000000,,,,,,,
652427.8209709451,643058.0134000001,,,,,,,
706357.7358449209,658883.4314999999,,,,,,,
739757.9005607975,692034.5689000000,,,,,,,
728778.4441211051,812829.0898000000,,,,,,,
777707.8884520783,810013.5695000000,,,,,,,
762444.7790323549,661777.6722000000,,,,,,,
591941.6462498163,645743.1655000000,,,,,,,
636569.4462701400,644297.7619000000,,,,,,,
715562.9880644649,606635.2385000000,,,,,,,
701894.6017923205,715883.6322000000,,,,,,,
767495.8010188098,807977.7973000000,,,,,,,
787427.4760923086,793157.2201000000,,,,,,,
756477.0467566432,601568.1739000001,,,,,,,
547651.0817203730,622632.4453000000,,,,,,,
632066.0406765527,627033.4112000000,,,,,,,
715959.7715860341,637030.8526000000,,,,,,,
732385.5928767532,725582.0710000000,,,,,,,
770925.2948440461,790028.6094000000,,,,,,,
759303.5353062409,807961.0279000000,,,,,,,
761496.3791595568,623742.6095000000,,,,,,,
556610.5920663245,629257.7022000001,,,,,,,
619901.8977789019,657691.2840000000,,,,,,,
725260.9056221262,618571.5137000000,,,,,,,
701840.3234420952,720967.7031000000,,,,,,,
754662.3303659174,802412.1512000000,,,,,,,
761710.1788385290,827300.9688000000,,,,,,,
767431.5131779999,651642.6026000000,,,,,,,
568725.0910968119,620917.4767999999,,,,,,,
596418.5994987213,621174.1653000000,,,,,,,
678283.6647238155,572637.9706999999,,,,,,,
653118.7039743391,680898.5757000000,,,,,,,
716802.7865181250,774234.3268000000,,,,,,,
737705.3240853669,849506.7095000000,,,,,,,
792514.9079990307,592085.7019000000,,,,,,,
512070.5537096302,578687.2990999999,,,,,,,
561643.3496986411,599591.8647000000,,,,,,,
671464.3563152199,594761.9537000000,,,,,,,
686956.0831642849,657607.1024000000,,,,,,,
703048.6431359802,807937.6444000000,,,,,,,
780319.3502785107,794343.0530000000,,,,,,,
749806.5937740059,589419.2380000000,,,,,,,
523261.5670672603,562143.5285000000,,,,,,,
562915.0375691458,595604.8785000000,,,,,,,
680940.2352708494,544293.2976000000,,,,,,,
651073.7468153898,680910.9010000000,,,,,,,
739797.0247885720,749104.7574999999,,,,,,,
734058.6199650789,765035.6286000001,,,,,,,
725330.2320638725,601125.3847000001,,,,,,,
540701.4097535209,579927.2896000000,,,,,,,
577451.4975301143,617535.1168000000,,,,,,,
692787.1504358007,594128.5617000000,,,,,,,
686426.5134516885,670849.0068000000,,,,,,,
712511.7930270650,824845.6659000000,,,,,,,
790077.0410902296,798554.4984000000,,,,,,,
742136.2861419783,623290.4040000000,,,,,,,
541388.6650635917,601642.4436000000,,,,,,,
581706.0064152189,596702.5744000000,,,,,,,
656881.9368353689,557499.5996000000,,,,,,,
639357.7006880848,675815.7163000000,,,,,,,
711264.3421438115,755962.6709000000,,,,,,,
716644.4360145482,799074.9685000000,,,,,,,
739747.1644243678,598816.9565000000,,,,,,,
517233.6111423509,609396.2203000000,,,,,,,
586602.8026404498,591818.1496000000,,,,,,,
651295.8631058459,570863.7448000000,,,,,,,
651932.6601488718,648703.4668000001,,,,,,,
686867.7189033852,771373.4837000000,,,,,,,
737398.7762275042,781481.9568000000,,,,,,,
730736.4597032529,596654.8645000000,,,,,,,
524016.6159496279,596742.0665000000,,,,,,,
586377.3516023344,575599.4856000000,,,,,,,
648266.1383567157,562935.7720000000,,,,,,,
658740.4120725789,676010.6849000000,,,,,,,
727208.3523122650,744645.3056000000,,,,,,,
721550.1917420800,768236.6301000000,,,,,,,
728694.0260893409,579952.3749000001,,,,,,,
521037.8118832918,577425.5398000000,,,,,,,
578316.6235538062,572518.3442000001,,,,,,,
654749.4022779569,583602.4799000000,,,,,,,
684576.8831250214,683593.4950999999,,,,,,,
734499.9753492924,797858.6167000000,,,,,,,
769280.6885081561,753059.9080000001,,,,,,,
705439.3868710623,596319.3543000000,,,,,,,
527908.9672830631,554603.9258000000,,,,,,,
548897.2206531226,589498.2006000000,,,,,,,
662187.8387086833,564824.6857000000,,,,,,,
656341.8271519535,675571.9682000000,,,,,,,
715389.4058602215,755997.0755000000,,,,,,,
719564.6601667445,767033.1204000000,,,,,,,
711550.4778499602,570998.3221000000,,,,,,,
494904.2648939808,579128.9824000000,,,,,,,
563332.0805396981,579709.2728000000,,,,,,,
644197.1733776634,600434.4887000000,,,,,,,
682380.7304168721,675320.7517000000,,,,,,,
708103.1188201059,782006.2054000000,,,,,,,
738942.7030005496,774940.9015000000,,,,,,,
716818.2031387960,597133.1483000000,,,,,,,
519344.7271621621,587553.6389000000,,,,,,,
573060.8754831345,606905.7719000001,,,,,,,
674020.6845280918,589216.9754000000,,,,,,,
677053.0954623143,642192.2640000000,,,,,,,
684988.0343154164,725172.1769000000,,,,,,,
699576.1183146146,739419.3787999999,,,,,,,
702644.8538576671,595484.4779000001,,,,,,,
538038.9896117353,564457.0821000000,,,,,,,
565807.4896460746,577262.2296000000,,,,,,,
658517.9328378148,592225.7190000000,,,,,,,
694156.6302884185,665892.5195000001,,,,,,,
726097.9714328181,794656.6807000000,,,,,,,
777483.1698125381,805276.5194000000,,,,,,,
768496.8994621701,613641.0513000001,,,,,,,
551598.2694417180,639297.4681000001,,,,,,,
635760.9094030806,570983.4549000000,,,,,,,
647191.7131306941,623784.8530999999,,,,,,,
719021.6324215396,675006.6292000000,,,,,,,
723116.3564503483,761791.5171000001,,,,,,,
731518.3056519699,769672.7602000000,,,,,,,
724881.2070487246,596044.3945000001,,,,,,,
528948.1505746997,563653.4441000000,,,,,,,
556109.7495617331,588531.9074000000,,,,,,,
661258.4974107225,572504.3216000000,,,,,,,
664880.6618186246,661938.2572000000,,,,,,,
704951.2031760080,805658.9253999999,,,,,,,
772630.3243359001,770756.1294000000,,,,,,,
718426.9220718087,577060.5921000000,,,,,,,
504251.8664764473,609502.3434000000,,,,,,,
601756.6724587996,615580.5298000000,,,,,,,
687213.4364774460,595352.4987000000,,,,,,,
684951.3073370573,726167.2875000000,,,,,,,
768952.7697807346,797917.8739000000,,,,,,,
765993.6215197400,778379.5490999999,,,,,,,
730788.1576074770,639227.7610000001,,,,,,,
575170.5912393301,624827.3434000000,,,,,,,
621983.4216093553,618467.4428000000,,,,,,,
694922.3723784084,596243.3916000000,,,,,,,
695731.5068424556,682977.0827000000,,,,,,,
737864.5331168283,783254.9987000000,,,,,,,
765183.5862233092,805875.5608000000,,,,,,,
770203.2457104239,635040.0466999999,,,,,,,
586742.1419480030,588582.3380000000,,,,,,,
599601.1492490743,624126.6262000001,,,,,,,
716170.3865706758,613385.6102999999,,,,,,,
724699.4488142858,689922.9007999999,,,,,,,
749849.9092938382,840289.4997000000,,,,,,,
822932.1133883450,822542.1268000000,,,,,,,
783597.4821236912,617996.8694000000,,,,,,,
554267.5144572521,623308.2980000000,,,,,,,
622253.5877095393,637483.3638000001,,,,,,,
715830.4126113997,648470.7843000001,,,,,,,
742113.9656405413,742312.8014999999,,,,,,,
783972.6950422347,823966.0516000000,,,,,,,
788148.1933651133,843742.4354000000,,,,,,,
790556.9478525931,610851.1094000000,,,,,,,
538302.7739486597,632041.9667000000,,,,,,,
622544.1667060780,646884.1823000000,,,,,,,
720002.0063471791,674337.5888000000,,,,,,,
762911.0431218148,708834.6973000000,,,,,,,
748637.4890384276,807882.4688000000,,,,,,,
775796.0717421065,830149.7703000000,,,,,,,
786693.2073397407,614502.5593000000,,,,,,,
551317.2253522725,643339.3426000000,,,,,,,
642953.4753899036,649708.2883000000,,,,,,,
731506.2256496896,682651.5102000000,,,,,,,
780826.9192915965,791070.8688000001,,,,,,,
838418.4754679701,819865.9594000001,,,,,,,
791061.2828983091,834742.7007000000,,,,,,,
794163.4091963357,677149.6960999999,,,,,,,
620711.4833871855,637896.6776000001,,,,,,,
641104.0534155838,634731.0218000000,,,,,,,
730549.2530708937,633245.0845000000,,,,,,,
751465.2274379805,772816.9436000000,,,,,,,
840376.9387135982,834043.7165000000,,,,,,,
821783.8119805598,882205.5311000000,,,,,,,
848430.5477004459,665759.5392000000,,,,,,,
609957.5177166630,642904.9826000000,,,,,,,
646054.7186232588,684598.0122999999,,,,,,,
769563.5261261652,675152.6530000000,,,,,,,
776023.9017463482,737887.0850000000,,,,,,,
786973.9159192323,893311.7040000000,,,,,,,
866134.4263369660,902844.5049000001,,,,,,,
854239.1508518117,638706.4549000000,,,,,,,
565553.2014559854,675544.0882999999,,,,,,,
667836.0994304541,664228.6095000000,,,,,,,
740835.7074597530,680500.5661000001,,,,,,,
773224.2578373710,784349.0126000000,,,,,,,
828236.4977120989,858871.7388000001,,,,,,,
825975.6431960303,859666.8909000000,,,,,,,
811688.8332015155,691742.7505000000,,,,,,,
625901.8882479761,651206.6909000000,,,,,,,
648286.9375687311,676831.6730000000,,,,,,,
757174.0829897056,694127.8149999999,,,,,,,
796032.9651172825,750405.1314000000,,,,,,,
803412.4491165114,899141.8367000000,,,,,,,
877690.4249409013,961726.7790000000,,,,,,,
920941.6881243424,945016.0803000000,,,,,,,
868207.4638256948,1312443.7819999999,,,,,,,
1262766.1871982743,1638808.5170000000,,,,,,,
1609116.1066940958,2015749.8049999999,,,,,,,
1928061.4424661947,2364496.9279999998,,,,,,,
2154994.3891672990,2255323.2769999998,,,,,,,
1939234.3935195347,1916273.6480000000,,,,,,,
1591441.3307843334,1092586.0030000000,,,,,,,
820947.7987853425,867193.7359000000,,,,,,,
752951.2622686662,839876.5780000000,,,,,,,
883714.4882564869,898619.0727000000,,,,,,,
980352.5228763765,956466.4708000000,,,,,,,
986627.3545375274,1090149.7720000001,,,,,,,
1038913.0529640072,1044000.1070000000,,,,,,,
975460.0595630457,723994.0584000000,,,,,,,
639435.3296397203,764674.3512000000,,,,,,,
754640.6297036276,743097.6179000000,,,,,,,
821513.3855682228,759895.8606000000,,,,,,,
853926.6902546217,895832.3051000000,,,,,,,
939527.5372576648,960159.5106000000,,,,,,,
923424.2095525957,909019.6159000000,,,,,,,
856225.0021685214,732921.4555000000,,,,,,,
667228.3723624178,710680.5121000001,,,,,,,
711768.6480400631,733803.1999000000,,,,,,,
816658.3605207740,760564.6850000001,,,,,,,
862691.2122234007,874564.8627000001,,,,,,,
924596.0721551147,956544.0339000000,,,,,,,
928640.1239366084,1029658.2990000000,,,,,,,
982987.3181372704,723766.2983000000,,,,,,,
658009.0245650718,798471.5304000000,,,,,,,
797214.6251288092,753975.4274000000,,,,,,,
840741.1127002271,763208.9727000000,,,,,,,
867414.9424323126,916852.7812000000,,,,,,,
974715.0696301246,1000369.5020000000,,,,,,,
977398.2706063673,999964.8547000000,,,,,,,
956144.5360521688,755753.6008000000,,,,,,,
695235.3895449390,763128.4272000000,,,,,,,
776070.2465125367,721815.5634000000,,,,,,,
820941.7810510639,736166.3602000000,,,,,,,
855955.0810745669,954275.6178000000,,,,,,,
1021995.2699734040,1055065.3640000001,,,,,,,
1032612.7388402771,980347.1270000000,,,,,,,
930388.6906566739,798673.2965000001,,,,,,,
732703.2401950693,784985.8465000000,,,,,,,
785505.0697642767,748999.8786000001,,,,,,,
830466.9633031144,796639.0092000000,,,,,,,
898029.4035473901,870613.8184000000,,,,,,,
921799.4011334711,1050017.0519999999,,,,,,,
1018045.8946197170,968391.5088000000,,,,,,,
915712.7002324201,787183.9949000000,,,,,,,
713063.3988784355,761733.3641000000,,,,,,,
756630.6811821021,784071.0092000000,,,,,,,
860457.5045361512,812196.0934000000,,,,,,,
907188.9674209257,907848.4605000000,,,,,,,
950578.4279055665,1003097.6010000000,,,,,,,
968219.7855778674,1047801.9650000000,,,,,,,
995253.3960244716,756207.4975000001,,,,,,,
685094.3331508468,793675.5675000000,,,,,,,
789758.4525639849,822437.8474000000,,,,,,,
905877.2232765192,769195.4902000000,,,,,,,
869686.2261114144,848718.8198000001,,,,,,,
905420.4189516112,978560.7123000000,,,,,,,
965694.2928305971,988491.4126000000,,,,,,,
957788.5690604076,748064.3412000000,,,,,,,
696417.0846522488,780882.3394000001,,,,,,,
794254.4721396620,826912.0932000000,,,,,,,
920363.6339687421,779242.7111000000,,,,,,,
885630.2330875924,932845.2602000000,,,,,,,
987435.6960320784,1027322.2050000000,,,,,,,
1003418.9599288530,1030343.7850000000,,,,,,,
982247.1351799094,767293.6366000000,,,,,,,
699962.3590598155,750979.9492000000,,,,,,,
750570.5968392411,793109.1095000000,,,,,,,
878135.8533034909,791825.1842000000,,,,,,,
891897.8455141189,913676.6293000000,,,,,,,
959008.4004717449,966906.5563000001,,,,,,,
934181.7358318511,1012005.1150000000,,,,,,,
960617.0631618876,776828.3370000001,,,,,,,
706089.8544229555,792138.6019000000,,,,,,,
782229.5820541570,723778.7385000000,,,,,,,
800150.1156859983,752277.4807000000,,,,,,,
851750.7830045240,858332.8236999999,,,,,,,
913288.7284682925,993386.5142000000,,,,,,,
968182.1165758698,974485.9362000000,,,,,,,
929599.3239954278,776220.5945000000,,,,,,,
711216.4668968170,767142.5842000000,,,,,,,
768496.3688053248,757842.9613000000,,,,,,,
843837.7203734764,781650.5768000000,,,,,,,
889281.8716098658,884843.0067000000,,,,,,,
944224.6708966665,951091.4825000000,,,,,,,
934330.9101927886,1022372.3950000000,,,,,,,
988947.5116694721,744388.2708000001,,,,,,,
691711.5741012384,815944.5797000000,,,,,,,
824641.9333285203,777762.5855000000,,,,,,,
870884.9158282995,746044.2870000000,,,,,,,
856665.6267786680,930664.0291000000,,,,,,,
991238.1147458105,952937.9728000000,,,,,,,
934552.7540338403,1016893.9640000000,,,,,,,
976383.5658963197,772823.3020000000,,,,,,,
713930.9636435029,785345.6035000000,,,,,,,
785399.1776153853,833964.7420000000,,,,,,,
915046.4264893968,778901.5035000000,,,,,,,
873915.6611623920,853812.2789000000,,,,,,,
899940.4926574542,993843.5912000000,,,,,,,
967079.3423370365,1019276.2709999999,,,,,,,
970348.4130910586,787811.7504000000,,,,,,,
712479.1189315727,773947.9577000000,,,,,,,
761071.4463870768,768589.9875000000,,,,,,,
840733.7850971612,777096.1696000000,,,,,,,
868974.0011679652,902208.9325000000,,,,,,,
943822.9706298809,1088788.4660000000,,,,,,,
1047222.1139889949,1091807.6910000001,,,,,,,
1022342.5896191857,937517.0661000001,,,,,,,
838712.8634864839,1038764.4520000000,,,,,,,
995309.2831852492,1052915.9580000001,,,,,,,
1078745.2928139595,1177038.0270000000,,,,,,,
1208162.6534644328,1317555.6790000000,,,,,,,
1287714.8654602726,1380932.5759999999,,,,,,,
1262799.8760271019,1222598.8170000000,,,,,,,
1094185.3118987964,849626.7892999999,,,,,,,
727316.3795185061,815417.4976000000,,,,,,,
788761.5678724663,799315.3930000000,,,,,,,
875253.0810404044,761139.6085000000,,,,,,,
863412.4402274116,923844.1763000001,,,,,,,
980823.1001570029,1112592.3130000001,,,,,,,
1087681.4788757768,1134368.3670000001,,,,,,,
1066932.5021964647,920301.0171000001,,,,,,,
822719.7994970013,919543.0379999999,,,,,,,
883101.4267053719,862446.3656000000,,,,,,,
910173.8571849662,813903.9616000000,,,,,,,
886382.2791834436,885023.1187000000,,,,,,,
917912.6985500212,1067554.5610000000,,,,,,,
1025656.9153924402,1074930.2520000001,,,,,,,
1007975.9670978521,873910.2505000000,,,,,,,
776876.0735662387,914558.2431000000,,,,,,,
876303.3879408380,937027.5405000000,,,,,,,
974500.7228496756,846783.1960000000,,,,,,,
899857.7270683951,914137.8996000000,,,,,,,
924959.2373178855,1007091.3110000000,,,,,,,
951850.8080472206,969644.6217000000,,,,,,,
901036.7695319734,727354.1490000000,,,,,,,
644277.8343136220,701933.8249000000,,,,,,,
690148.3324082583,718812.5466000000,,,,,,,
794979.1957988951,749856.6777999999,,,,,,,
845690.9555583191,860734.1243000000,,,,,,,
904544.2328420932,945551.3876000000,,,,,,,
911043.6191137881,958373.6527000000,,,,,,,
907422.3338196136,730161.2275000000,,,,,,,
662212.1880706912,709960.4599000000,,,,,,,
708763.3637674206,748886.8443999999,,,,,,,
834089.1133506034,704808.8720000000,,,,,,,
810802.3205685947,831947.8609000000,,,,,,,
890188.2292078880,1027687.7110000000,,,,,,,
1008159.7940614927,1103100.6920000000,,,,,,,
1052318.6987969247,844543.2274000000,,,,,,,
761016.1832623851,828347.8156000000,,,,,,,
806835.2669426082,884283.3834000000,,,,,,,
936237.0049168466,758037.1618999999,,,,,,,
829921.5276986032,865860.9136000000,,,,,,,
894275.1162592957,955781.5554000000,,,,,,,
917373.6331069699,938671.4220000000,,,,,,,
881613.7989101653,748610.0925000000,,,,,,,
671782.4830497289,819281.4083000000,,,,,,,
801207.5079726792,931739.9910000000,,,,,,,
981843.8599811473,910526.2332000000,,,,,,,
962163.6050591880,1123849.2309999999,,,,,,,
1112399.1964156460,1277475.4450000001,,,,,,,
1177294.1461672755,1167626.1850000001,,,,,,,
1037314.0045321466,823369.1720000000,,,,,,,
682632.8781246985,762534.8903000000,,,,,,,
709138.0824314714,726029.1884000000,,,,,,,
774005.2435530588,708103.0866000000,,,,,,,
784649.6078084039,838560.6004999999,,,,,,,
870579.3251985303,938774.9979000000,,,,,,,
893676.3365031624,914680.0281000000,,,,,,,
850762.9597510393,702891.3558000000,,,,,,,
622779.3091762650,677874.8186999999,,,,,,,
666278.2318051902,701733.5045000000,,,,,,,
776029.3301455172,679534.2983000000,,,,,,,
775717.5328564163,772971.6787000000,,,,,,,
822509.6720598204,857155.7711000000,,,,,,,
835006.9377843702,831939.1966000000,,,,,,,
796414.1535119901,693434.2770000000,,,,,,,
640478.5286529348,701298.6668000000,,,,,,,
708669.8702539902,718674.8011000000,,,,,,,
801766.7301064727,672708.7851000000,,,,,,,
774967.5184232164,779515.0289000000,,,,,,,
828847.1946763685,877741.7582000000,,,,,,,
853416.5170609173,938473.6052000000,,,,,,,
892319.1588749362,705917.5302000000,,,,,,,
634355.3395063120,680312.2749000000,,,,,,,
668459.8105572867,671219.7966999999,,,,,,,
745088.7518781915,671877.6773000000,,,,,,,
766124.8768517276,789443.1576000000,,,,,,,
833291.9721393720,868658.8970999999,,,,,,,
833142.4733455622,869921.9955000000,,,,,,,
814841.1592327212,664294.0823000000,,,,,,,
589459.4866869197,682770.4848000000,,,,,,,
668958.4179944070,682166.8486000000,,,,,,,
747931.8333457693,699210.5799000000,,,,,,,
781020.4422401146,771353.8517000000,,,,,,,
803800.8141916930,860259.9469000000,,,,,,,
817414.6648147152,866258.3596000000,,,,,,,
809002.4934935479,644647.1311999999,,,,,,,
569275.9189053579,633682.1485000000,,,,,,,
623923.1757570026,677452.6224000000,,,,,,,
752018.8509866340,676729.5541000000,,,,,,,
769004.0101517051,772861.5870000001,,,,,,,
814532.5096103606,864971.0360000000,,,,,,,
832495.4205355817,864304.7837000000,,,,,,,
816707.0848001088,663831.0539000001,,,,,,,
598656.9696446442,714174.9284000000,,,,,,,
711479.6656626115,693261.9653000000,,,,,,,
770133.7997536542,654419.4324000000,,,,,,,
750450.3843766846,754561.5082000000,,,,,,,
808275.3222682159,863028.2694000000,,,,,,,
843748.2892059739,842606.4038000000,,,,,,,
805482.4265151151,666738.5374000000,,,,,,,
604871.9579637360,652546.2083000001,,,,,,,
653058.4979768802,655622.4182000000,,,,,,,
735988.0138928526,672276.1406000000,,,,,,,
770843.2999655994,730035.2645000000,,,,,,,
778418.8079083271,867433.2589000000,,,,,,,
838268.6416122210,888413.1851000000,,,,,,,
838992.3226501613,648371.9139000000,,,,,,,
573247.9887491057,658368.4525000000,,,,,,,
645441.4452361749,644095.1752000001,,,,,,,
714481.4489906350,661687.3741000000,,,,,,,
749254.0918263282,785853.5106000000,,,,,,,
822206.8538763317,833429.3794000000,,,,,,,
790321.4233802102,798260.3605000000,,,,,,,
740303.6086152539,654930.0183999999,,,,,,,
582098.0021770628,633498.6198000000,,,,,,,
622281.5328058188,649270.7973000000,,,,,,,
716392.8445051115,635634.4293000000,,,,,,,
723607.9762455644,725562.9310000000,,,,,,,
766194.0143168648,838938.6072000000,,,,,,,
805816.7128225506,850007.6475000000,,,,,,,
799659.0589966777,636971.0311000000,,,,,,,
566507.4269213883,649093.6626000000,,,,,,,
642868.2749188613,636166.0758000000,,,,,,,
714163.8982106434,663407.7571000000,,,,,,,
761261.8006079617,719252.3554000000,,,,,,,
770622.2521857136,848720.3047000000,,,,,,,
825207.5827716603,812841.4643000000,,,,,,,
775223.4252515971,604842.8874000000,,,,,,,
548857.0275186019,670911.4715000000,,,,,,,
679529.8784675729,619917.1241000000,,,,,,,
707275.3513097886,635259.8830000000,,,,,,,
738881.2054868490,751153.6467000000,,,,,,,
808199.3099975174,857180.7228000000,,,,,,,
833556.0459096055,809636.7605000000,,,,,,,
766644.8676458584,651295.0986000000,,,,,,,
588767.5549365401,623470.3631000000,,,,,,,
623618.4268057486,655417.5779000000,,,,,,,
733025.7513153524,630051.1666000000,,,,,,,
725506.8544990703,768397.1949999999,,,,,,,
811292.8860259430,805478.4107000000,,,,,,,
771248.2226537475,834097.6345000000,,,,,,,
781311.8817596892,614463.1024000000,,,,,,,
544043.9809808130,636097.0747000000,,,,,,,
625654.4355389498,655144.9274000000,,,,,,,
724808.0065489180,652033.0318000000,,,,,,,
736838.8130284100,724134.7435000000,,,,,,,
759998.4590984797,868223.8969000001,,,,,,,
828804.0060589371,848376.9135000000,,,,,,,
790949.6605098106,637487.1851000000,,,,,,,
559197.7834192661,607236.4207000000,,,,,,,
596975.3652466601,645333.2196000000,,,,,,,
720625.8864665144,665795.4237000000,,,,,,,
760375.6244440892,761980.3774999999,,,,,,,
804648.0422733441,821958.5394000000,,,,,,,
789855.1435504518,842908.0928000000,,,,,,,
797665.5577788663,669433.1440000000,,,,,,,
606362.4429502669,646482.3097000000,,,,,,,
644208.5941736326,608726.6405000000,,,,,,,
690610.9902305100,657499.4722000000,,,,,,,
762900.1235073115,754646.1590000000,,,,,,,
811111.0438857184,844824.5705000000,,,,,,,
826271.1682091044,841130.6324999999,,,,,,,
805248.5130500158,661826.5510000000,,,,,,,
605278.2928141307,632552.5597000000,,,,,,,
637127.5708161511,666277.8523000000,,,,,,,
750595.7945120818,674067.7421000000,,,,,,,
775075.4018427579,744459.1163000000,,,,,,,
792485.2222274218,854155.8449000000,,,,,,,
825205.1006565349,827995.8990000000,,,,,,,
781982.2977491881,629970.4945000000,,,,,,,
563459.9157452764,682733.0908000000,,,,,,,
677445.1469473054,607197.8797000000,,,,,,,
680391.2806594141,665032.1262000001,,,,,,,
755994.9169199774,735146.2055000000,,,,,,,
779551.9312531451,863584.6165000000,,,,,,,
827255.0970076023,874026.3891000000,,,,,,,
819349.0020697510,646926.0453999999,,,,,,,
570020.7616482000,627019.9949000000,,,,,,,
615847.7395112482,640467.9746000000,,,,,,,
715842.2883575157,631495.2423000000,,,,,,,
728221.5411595379,764806.7278000000,,,,,,,
812772.9985313872,863571.6909000000,,,,,,,
834420.2534120738,866373.8986000000,,,,,,,
817984.4991631245,665618.7916000000,,,,,,,
598806.6312040850,651111.3364000000,,,,,,,
649193.4054152785,636065.8932000000,,,,,,,
719563.8612428441,658314.6279000000,,,,,,,
764134.3535808381,772282.4449999999,,,,,,,
829496.9456956435,891267.5625000000,,,,,,,
868649.4715180609,896580.8463000000,,,,,,,
853266.8603928068,693188.9462000000,,,,,,,
627837.6263705746,671127.4126000000,,,,,,,
684504.3884542368,684161.1354000000,,,,,,,
780538.3079934255,688992.5371000000,,,,,,,
804159.9347972288,795187.1679999999,,,,,,,
858676.5742274475,884743.9605000000,,,,,,,
869474.8841062955,910360.9068000000,,,,,,,
874728.3782999793,675337.9116000000,,,,,,,
617762.3838066477,683524.1278000000,,,,,,,
687326.2253783562,683582.0155000000,,,,,,,
769744.9452673424,698060.6920000000,,,,,,,
800231.2742266681,852207.1724000000,,,,,,,
900731.8832329029,935981.2797000000,,,,,,,
900896.9714889417,910452.9028000000,,,,,,,
853831.5651388169,687985.0459000000,,,,,,,
615129.4316590885,716362.2469000000,,,,,,,
709048.9608819705,703070.2097000000,,,,,,,
777524.5074462851,686109.7872000000,,,,,,,
779315.4350299448,811251.8266000000,,,,,,,
858314.9837062875,938185.6877000000,,,,,,,
907792.6896612243,985383.5272000000,,,,,,,
931695.4644821753,691868.9079000000,,,,,,,
616605.3872946992,716018.6152999999,,,,,,,
708427.7356146870,707064.5428000001,,,,,,,
789702.8346739343,732583.8283000001,,,,,,,
833758.3475299634,812533.0267000000,,,,,,,
866194.2246284521,958284.2757000000,,,,,,,
934593.9205140856,966746.0115000000,,,,,,,
923802.0811937088,728197.2659000000,,,,,,,
662930.1205130070,725211.4063000000,,,,,,,
726387.6685941308,737087.1735000000,,,,,,,
823873.3991669043,718446.4471000000,,,,,,,
836889.2165279796,833709.0120000000,,,,,,,
902992.0711342191,944679.8968000000,,,,,,,
936222.9466673236,937968.2483000000,,,,,,,
908134.6320723563,740994.2287000000,,,,,,,
689023.0240087381,742793.5371000000,,,,,,,
752123.9701774946,740658.8878000000,,,,,,,
829615.1977820871,730479.0416000000,,,,,,,
837083.0131091655,799258.1330000000,,,,,,,
857768.6743690540,1014939.6240000000,,,,,,,
994150.4731560247,939037.9750000000,,,,,,,
893991.7832866563,769146.5719000000,,,,,,,
697802.5746062566,725937.6056000000,,,,,,,
722090.2146936313,750945.0098999999,,,,,,,
828330.7495967436,751334.9037000000,,,,,,,
849042.8803095096,881197.3878000000,,,,,,,
926817.2074365660,962075.4183000000,,,,,,,
929386.0346064798,980506.2206999999,,,,,,,
928783.1784178595,766207.3462000000,,,,,,,
696009.4319365908,792823.3408000000,,,,,,,
785248.3134830631,709991.5398000000,,,,,,,
787939.4031057257,763957.4783000000,,,,,,,
865649.8804788376,896750.1028000000,,,,,,,
952974.0256174298,983519.2151000000,,,,,,,
957576.6120590814,1018228.4390000000,,,,,,,
972874.5289109496,865081.9816000001,,,,,,,
797430.8099555785,1076905.0649999999,,,,,,,
1057657.8592250084,1419231.6170000001,,,,,,,
1446022.2564699815,1881860.2549999999,,,,,,,
1860213.4417744398,2743738.2429999998,,,,,,,
2571106.7172330930,2944439.9139999999,,,,,,,
2580692.2157451655,2521502.4730000002,,,,,,,
2098949.5712404749,1660788.8859999999,,,,,,,
1272832.5155470977,1251909.3100000001,,,,,,,
1039857.5202708392,1050946.7370000000,,,,,,,
1024040.2413577286,925529.8636000000,,,,,,,
976280.5778576117,1051011.1850000001,,,,,,,
1079954.1612464138,1306176.2849999999,,,,,,,
1259483.8180712382,1227556.0349999999,,,,,,,
1147748.1129129692,924460.5826000000,,,,,,,
819829.2826694523,940998.6822000000,,,,,,,
913090.1763247977,839269.2969000000,,,,,,,
903413.4255061186,816755.9721000000,,,,,,,
907209.8924613112,969856.5601999999,,,,,,,
1019755.7851711401,1103365.8450000000,,,,,,,
1071731.9411689257,1135495.4050000000,,,,,,,
1076326.0588264228,880274.6142000000,,,,,,,
797202.4418199649,833325.2210000000,,,,,,,
817281.6178562389,823574.6462000000,,,,,,,
899652.0782412747,884335.6674000000,,,,,,,
983251.5349510047,978665.0831000000,,,,,,,
1025934.4088891724,1108167.2530000000,,,,,,,
1074156.4949793268,1092188.1320000000,,,,,,,
1040335.0754183115,890350.2290000001,,,,,,,
819018.4737911512,859718.6791000000,,,,,,,
855771.8833183717,821880.1270000000,,,,,,,
905938.0983260556,840910.0976000000,,,,,,,
951131.2712451367,1012116.4410000000,,,,,,,
1074069.7899238679,1138461.6429999999,,,,,,,
1115719.5006646561,1151640.6810000001,,,,,,,
1102401.0596373701,855643.1051000000,,,,,,,
787032.7288286488,867459.7045000000,,,,,,,
868755.2633858701,840391.4224000000,,,,,,,
936048.5012554969,845109.4348000000,,,,,,,
960468.5217045118,1009838.2120000001,,,,,,,
1075137.6866646637,1120305.3990000000,,,,,,,
1100998.9007185451,1080554.8100000001,,,,,,,
1036501.2444667368,902259.4589000000,,,,,,,
838158.2450496663,884477.1929000000,,,,,,,
883621.0828334459,838144.2680000000,,,,,,,
918692.1837876262,836002.8131000000,,,,,,,
939659.2320219105,1034677.8260000000,,,,,,,
1088447.6693650233,1166484.7600000000,,,,,,,
1131989.3556633829,1215729.4890000001,,,,,,,
1148085.3105234257,863115.2756000001,,,,,,,
772979.6218238710,851720.4937000000,,,,,,,
833348.0929752333,879265.2662000000,,,,,,,
956014.0423020804,900316.7100000000,,,,,,,
993838.9765821163,930139.2089000000,,,,,,,
973820.4522288498,1149541.8319999999,,,,,,,
1116946.1929817570,1060996.4330000000,,,,,,,
1010463.5470868683,953034.8686000000,,,,,,,
877243.8817405922,920177.9109000000,,,,,,,
909656.8573147595,825213.0794000000,,,,,,,
896628.7849765078,837136.7043000000,,,,,,,
940526.6037799706,1030849.4190000000,,,,,,,
1091266.2136573491,1135861.6210000000,,,,,,,
1111626.1824106749,1148978.9020000000,,,,,,,
1098908.1518214545,910046.9340000000,,,,,,,
841186.0672664926,928019.6421000001,,,,,,,
924693.0790751338,847280.4746000000,,,,,,,
932305.5143707630,896573.1073000000,,,,,,,
1003823.3894313874,1062650.3780000000,,,,,,,
1120609.1422415008,1127479.0430000001,,,,,,,
1098494.5740859348,1142007.5889999999,,,,,,,
1090123.0139707034,858809.8296000001,,,,,,,
790258.9297227713,847496.8169000000,,,,,,,
846506.7591002737,829914.0755000000,,,,,,,
918078.1175545714,908582.0674000001,,,,,,,
1013467.5979372691,1027153.1820000000,,,,,,,
1075434.4381724012,1088056.3600000001,,,,,,,
1050821.5843391248,1179424.7050000001,,,,,,,
1121009.2986352362,839373.0911000000,,,,,,,
760567.2947178095,901891.5022000000,,,,,,,
886977.2604077712,853664.9495000000,,,,,,,
929067.2773338428,846198.9674000000,,,,,,,
939673.9786183591,1041143.4070000000,,,,,,,
1087646.1238807898,1119018.3859999999,,,,,,,
1082520.6208953932,1088034.6450000000,,,,,,,
1029184.9254591888,906736.3724000000,,,,,,,
833121.9845984213,872600.0134000001,,,,,,,
865731.1488854947,842362.3123000000,,,,,,,
921601.7777379217,860154.4966000000,,,,,,,
965404.6140992765,1030966.6180000000,,,,,,,
1087775.8208680733,1206437.6259999999,,,,,,,
1177337.6715253214,1144940.8970000001,,,,,,,
1088670.2202323745,934266.1672000000,,,,,,,
858459.6393530028,871852.9677000000,,,,,,,
868956.9006908017,876838.4589000000,,,,,,,
963020.8092966013,824581.7572000000,,,,,,,
937647.2332863377,944779.0691000000,,,,,,,
1012891.1258726604,1129734.2870000000,,,,,,,
1114404.8667095790,1279104.8019999999,,,,,,,
1229731.7888159945,1041761.1700000000,,,,,,,
951639.1061488996,1073011.1100000001,,,,,,,
1033028.3377383964,1236095.1110000000,,,,,,,
1270498.8685472552,1325352.9299999999,,,,,,,
1356063.7901410358,1412097.5819999999,,,,,,,
1370135.8444479681,1583193.1680000001,,,,,,,
1452983.3241115301,1385041.1850000001,,,,,,,
1237569.1482979362,982290.6034000000,,,,,,,
832432.5742779365,886513.5997000000,,,,,,,
837796.9900496347,844798.8231000000,,,,,,,
905129.3616635256,901468.5181000000,,,,,,,
989976.3019159950,1005335.1280000000,,,,,,,
1042997.2514852771,1127169.4630000000,,,,,,,
1081414.9340172720,1155904.8650000000,,,,,,,
1088624.6107040555,806076.2919000000,,,,,,,
720381.2763997609,826637.1971000000,,,,,,,
814502.5101526817,825398.0109000000,,,,,,,
907822.5680951949,841546.2197000000,,,,,,,
941997.6668615340,975399.4845000000,,,,,,,
1026127.0111470707,1070666.1220000000,,,,,,,
1042096.8223699123,1100036.5670000000,,,,,,,
1051442.3130390334,853500.5488000000,,,,,,,
786216.0669556297,834296.9873000000,,,,,,,
833828.3674924799,803136.9499000000,,,,,,,
893282.7191722692,842740.5550000001,,,,,,,
956399.2299101127,992582.0108000000,,,,,,,
1056100.2330456066,1184411.7420000001,,,,,,,
1160399.7303485083,1218221.1850000001,,,,,,,
1162563.1186326700,970135.0910000000,,,,,,,
876611.0108361775,972787.8213000000,,,,,,,
942598.9360671344,936681.8627000001,,,,,,,
992902.1561224861,974544.3207000000,,,,,,,
1050142.3010435882,1072693.9050000000,,,,,,,
1098129.2662457421,1187869.5330000001,,,,,,,
1131074.5971989103,1150816.5379999999,,,,,,,
1074426.7017998036,863018.0195000001,,,,,,,
770068.5900048870,908225.0014000000,,,,,,,
885630.7674827160,980375.7422000000,,,,,,,
1038799.3678649268,993551.4600000000,,,,,,,
1058344.4858936486,1050930.5980000000,,,,,,,
1059752.7912712914,1334723.0379999999,,,,,,,
1261143.8209785677,1270605.0379999999,,,,,,,
1168022.3056099121,1021211.7990000000,,,,,,,
889240.7966835391,988055.7223000000,,,,,,,
930359.3299121957,919344.1216000000,,,,,,,
953977.3609370003,868168.9145000000,,,,,,,
933832.6520287438,984398.9568000000,,,,,,,
1012698.0943245889,1112126.9809999999,,,,,,,
1067118.7189620431,1043733.1030000000,,,,,,,
980978.7171108144,881646.8828000000,,,,,,,
802637.0535642784,891572.2071999999,,,,,,,
879463.0731043891,1034154.4380000000,,,,,,,
1095695.5497031985,1119252.3030000001,,,,,,,
1184506.8462660098,1319364.1950000001,,,,,,,
1313139.4950483022,1423795.2080000001,,,,,,,
1325424.9924598606,1315120.5619999999,,,,,,,
1194763.9202919812,920325.3515000000,,,,,,,
797848.0534222596,849475.2585999999,,,,,,,
820481.0448643282,776902.5023000001,,,,,,,
856742.7686842800,770035.1385000000,,,,,,,
870157.1346229280,900046.2504000000,,,,,,,
956987.5798138117,1047589.0450000000,,,,,,,
1022943.9493778604,1053838.6839999999,,,,,,,
1002667.3510400646,825182.6292000000,,,,,,,
748656.6859814923,765563.5233000000,,,,,,,
754466.7450034954,813648.3165000000,,,,,,,
888594.0857962113,822771.5593000000,,,,,,,
915610.6973271848,897457.9247000000,,,,,,,
935689.8670525376,1056137.1780000001,,,,,,,
1015053.8117054815,994513.5400000000,,,,,,,
933221.6807270902,799664.8905000000,,,,,,,
716924.2805476288,815044.7547000000,,,,,,,
798440.9439147625,791380.5077000000,,,,,,,
854903.0935473437,752022.3978000000,,,,,,,
836548.3919728994,846076.5992000001,,,,,,,
887921.2795910959,1074455.5800000001,,,,,,,
1038963.6867664440,950897.7523000001,,,,,,,
891916.9751136559,779450.2273000000,,,,,,,
699796.6667412034,796251.3192000000,,,,,,,
788564.2980668754,756963.5416999999,,,,,,,
830087.9877637650,779714.6249000001,,,,,,,
874775.5082004662,840193.9099000000,,,,,,,
891541.5840896316,1044296.0950000000,,,,,,,
1018173.1900369480,994116.5797999999,,,,,,,
947883.8634917717,736611.6743000000,,,,,,,
669291.4419286249,736512.1556000001,,,,,,,
743096.5958609219,711785.6328000000,,,,,,,
807537.0090638829,749997.4207000000,,,,,,,
866443.2914967764,858481.1703000000,,,,,,,
925318.5792058037,989769.5026000000,,,,,,,
962011.9802491205,975243.1905000000,,,,,,,
925849.5852136503,710905.5882000000,,,,,,,
641484.6257080844,776719.6170000000,,,,,,,
773308.3173231756,721779.4061000000,,,,,,,
800720.4944659261,783675.2337000000,,,,,,,
876579.4177907878,938674.3924000000,,,,,,,
978361.8908367464,969514.9819000000,,,,,,,
922825.1760083606,960267.4643000000,,,,,,,
895324.3403431941,750207.1688000000,,,,,,,
670839.3982993803,743641.6372000000,,,,,,,
727409.6592115297,736794.7972000000,,,,,,,
802764.7563912050,711678.5995000000,,,,,,,
797863.3801924546,831183.9510999999,,,,,,,
870140.3601911468,960511.1673000000,,,,,,,
921728.1984973907,913115.1337000000,,,,,,,
853737.4855726118,725142.9907000000,,,,,,,
647128.8678540206,790020.0871000000,,,,,,,
776065.3049381061,768582.3284999999,,,,,,,
831366.2162931687,724700.0695000000,,,,,,,
805714.0675913098,778435.9819000000,,,,,,,
820150.9704156725,884503.6935000001,,,,,,,
859151.7675026455,966130.6372999999,,,,,,,
924941.3803003586,708645.6848000000,,,,,,,
643505.0928554512,680530.3082000000,,,,,,,
678828.1556324962,693424.9759000000,,,,,,,
782383.3048856013,757424.7850000000,,,,,,,
865753.9836226532,798799.9372000000,,,,,,,
855109.2154977313,867175.7433000000,,,,,,,
848445.9086633391,903302.8694000000,,,,,,,
873782.5103020354,761145.9636000000,,,,,,,
708946.8786141349,748717.3199999999,,,,,,,
747358.5787574232,698747.8828000000,,,,,,,
776487.9138579543,747814.9170000000,,,,,,,
847410.7307444740,838512.1485000000,,,,,,,
888739.9121667728,900370.7197000000,,,,,,,
870343.1713270727,906025.7063000000,,,,,,,
860328.1614955685,763006.3694000000,,,,,,,
696020.5519430817,693354.3652999999,,,,,,,
684327.2802805029,728351.2211000000,,,,,,,
799019.3961289196,742404.2289000000,,,,,,,
832971.6863788520,841140.1660000000,,,,,,,
877142.7298388807,868457.1025000000,,,,,,,
828133.6883756415,938388.1472000000,,,,,,,
882844.6781450801,722223.4894000000,,,,,,,
646672.9209896239,696364.9114000000,,,,,,,
679316.9554934921,711008.8278000000,,,,,,,
778949.5237398772,722644.2940000000,,,,,,,
810577.3149155912,845580.3055000000,,,,,,,
882352.2905394625,882061.6019000000,,,,,,,
842582.3451392862,903419.8925000000,,,,,,,
850039.7967755923,722159.4280000000,,,,,,,
653254.1769833913,728323.9878000000,,,,,,,
719999.7641866247,694137.4730000000,,,,,,,
768528.9025078231,714765.9028000000,,,,,,,
811791.0884810392,806687.9910000000,,,,,,,
858445.6526301234,954344.3422000000,,,,,,,
928035.2073214075,908489.2077000000,,,,,,,
863827.9069722696,737156.2291000000,,,,,,,
672239.0145712601,693671.8361000000,,,,,,,
695639.6617615693,686392.2972000000,,,,,,,
772316.8769773783,724326.0611000000,,,,,,,
832585.8934925945,834472.7847000000,,,,,,,
889703.6655241312,909675.0064000000,,,,,,,
884282.2079191087,867025.5744000000,,,,,,,
825682.8810739528,662323.6263000000,,,,,,,
605885.3515866135,719745.7872000000,,,,,,,
726545.0752703197,703565.9203999999,,,,,,,
786352.7705180866,663391.5696000000,,,,,,,
761317.5396889437,785502.4990000000,,,,,,,
837177.9457068457,907889.8179000000,,,,,,,
881764.7854857892,919369.2483000000,,,,,,,
868964.6007068206,689468.0872000000,,,,,,,
615450.5668274681,700072.9382000000,,,,,,,
688659.8797659790,732694.1880000000,,,,,,,
802443.4404981193,729981.8841000000,,,,,,,
814269.8274490015,783444.4637000000,,,,,,,
817894.0880286837,908274.1438000000,,,,,,,
869478.0172818807,884173.2412000000,,,,,,,
830603.2402351854,732250.6359000000,,,,,,,
657274.4947938437,685224.1929000000,,,,,,,
673715.1642347558,692941.1376000000,,,,,,,
764150.3808539305,723835.0570000000,,,,,,,
818011.7608173353,785148.9686000000,,,,,,,
830504.1842459851,920075.3221000000,,,,,,,
889874.4706309417,968437.8204000000,,,,,,,
920447.3179204728,726651.1159000000,,,,,,,
654427.5493195837,695689.7063000000,,,,,,,
688473.6564943730,687124.1677000000,,,,,,,
770060.4754393281,722638.9734000000,,,,,,,
828012.8492778462,799138.4071000000,,,,,,,
855301.7719947114,922715.3942000000,,,,,,,
900704.8531449721,920639.9336000000,,,,,,,
886503.2137544665,680555.8842000000,,,,,,,
625346.6601001554,734035.8980000000,,,,,,,
742318.7057520956,711666.3345000000,,,,,,,
800191.5260399418,726132.7246000000,,,,,,,
828873.5158344866,822507.5967000000,,,,,,,
875829.9943503632,943915.2955000000,,,,,,,
916903.1912938558,946999.2317000000,,,,,,,
898340.4226221634,737773.4270000000,,,,,,,
665268.7251496916,726590.5101000000,,,,,,,
716050.2047168070,715228.7996000000,,,,,,,
787181.3294417789,721107.0017000000,,,,,,,
812584.5891135657,796556.6814999999,,,,,,,
839833.6351190668,938856.6940000000,,,,,,,
904700.9686615707,937303.9607000001,,,,,,,
883168.6433371371,707783.6156000000,,,,,,,
630974.1201994526,690221.5649000000,,,,,,,
679995.6997140676,722719.6835000000,,,,,,,
797963.0999331872,725304.4953000000,,,,,,,
819224.0497801789,806630.0958000000,,,,,,,
850857.6085106651,927711.5262000000,,,,,,,
897422.1445090997,931819.9243000000,,,,,,,
884826.4250238254,720190.2598000000,,,,,,,
653052.7614994044,753965.6783000000,,,,,,,
750728.0095404843,730785.9884000000,,,,,,,
810038.5803053078,751809.6523000000,,,,,,,
850004.9742020431,847778.1677000000,,,,,,,
899186.4608255015,951429.1236000000,,,,,,,
925657.8175772455,980140.1909000000,,,,,,,
936100.6209286368,723837.5592000000,,,,,,,
659499.3344428099,756621.6402000000,,,,,,,
756369.3083582396,710839.2230999999,,,,,,,
804167.2498502224,739629.8221000000,,,,,,,
851501.3049843609,828521.9799000000,,,,,,,
892858.5070225811,961730.0793000000,,,,,,,
945233.8667389347,943999.6832000000,,,,,,,
906678.5091007109,738599.8357000001,,,,,,,
678263.4127184575,697526.3095000000,,,,,,,
701818.2411493552,725393.4578000000,,,,,,,
812697.5403877131,724377.1206000000,,,,,,,
830146.8884494762,834791.5684000000,,,,,,,
887372.7788485645,975524.5465000001,,,,,,,
947356.6295049618,969525.9974000000,,,,,,,
917566.6012093822,745101.8753000000,,,,,,,
669748.8199585312,715338.8760000000,,,,,,,
705889.0944153843,766660.8400000000,,,,,,,
841469.6083632743,745597.2815000000,,,,,,,
838361.8066589691,852019.7870000000,,,,,,,
893560.6671631815,977162.9979000000,,,,,,,
943051.7680662193,976104.5884000000,,,,,,,
922180.2992321716,731359.7341000000,,,,,,,
658215.6025061933,718625.3432999999,,,,,,,
714405.3649356099,727285.7328000000,,,,,,,
811428.4426695539,718391.2609000000,,,,,,,
824156.9374005800,866255.0065000000,,,,,,,
923387.2319195730,972966.5030000000,,,,,,,
951400.5765947825,994608.5071000000,,,,,,,
950856.7535684546,768196.1629000000,,,,,,,
704234.1528862733,764105.0537000000,,,,,,,
764651.9125708697,745006.0345000000,,,,,,,
831740.4965925685,748197.7837000000,,,,,,,
856523.1788205348,864909.6446999999,,,,,,,
936809.5712469118,953571.4669000000,,,,,,,
946858.7267412259,1034631.8199999999,,,,,,,
1005252.6133169408,810728.2280000000,,,,,,,
754625.8195181007,755734.6046000000,,,,,,,
757890.2195251344,768656.1463000000,,,,,,,
857532.7303064449,748690.1280000000,,,,,,,
859429.2270637190,854803.0013000000,,,,,,,
915472.5126289392,1041094.5220000000,,,,,,,
1021048.0227325289,1003423.8830000000,,,,,,,
956720.7089874041,786642.3872999999,,,,,,,
714473.2266799493,800882.8368000000,,,,,,,
794428.2392189434,771348.1217000000,,,,,,,
847008.3615458299,779189.8524000000,,,,,,,
874255.7477139544,921810.2950000000,,,,,,,
968161.5246158023,973804.9065000000,,,,,,,
940793.7785384515,962314.3053000000,,,,,,,
912554.7123466948,772649.5562000000,,,,,,,
708420.7715254485,787906.3841000000,,,,,,,
786943.7234042070,793913.7940000000,,,,,,,
873520.6254856989,823808.0365000000,,,,,,,
920950.8526292673,897757.6369000000,,,,,,,
945822.3743459001,1023013.3710000000,,,,,,,
994854.7138988081,1070438.3729999999,,,,,,,
1024259.4471399731,831448.6138000001,,,,,,,
761883.8068245335,948397.5739000000,,,,,,,
937804.3332382491,1130055.3870000001,,,,,,,
1188455.6596655052,1408611.4770000000,,,,,,,
1449266.3326256510,2345785.5200000000,,,,,,,
2263951.3009776198,3141644.7119999998,,,,,,,
2855275.6149613173,2894845.2259999998,,,,,,,
2461924.2103712037,1973704.9180000001,,,,,,,
1518615.4866599669,1632761.6560000000,,,,,,,
1340775.4775869390,1255719.5880000000,,,,,,,
1155494.2323209168,1046709.3710000000,,,,,,,
1037484.0544396502,1080525.6140000001,,,,,,,
1076781.9692186094,1281535.2590000001,,,,,,,
1220264.7743338784,1303667.1150000000,,,,,,,
1218511.7258162843,876024.2216000000,,,,,,,
766758.8591881391,892475.7375000000,,,,,,,
861991.6997892611,826563.1710000000,,,,,,,
897802.5952778310,859731.7583000000,,,,,,,
951614.8029033048,907194.6736000000,,,,,,,
954164.6366940767,1064168.8019999999,,,,,,,
1032858.4356716420,1102182.1100000001,,,,,,,
1050166.5299737779,851480.7648000000,,,,,,,
772358.5883498644,813028.9994000000,,,,,,,
799284.9824985736,812725.8526000000,,,,,,,
889193.9877930303,872246.7334000000,,,,,,,
969653.2900320010,997236.5379000000,,,,,,,
1040753.9062113173,1058702.7150000001,,,,,,,
1020751.9880929478,1122165.8310000000,,,,,,,
1066431.5576573664,809856.8851000000,,,,,,,
737902.2280286620,808463.0943999999,,,,,,,
805517.0201940428,834592.2672999999,,,,,,,
924507.2126089357,858087.7389999999,,,,,,,
965700.6754299717,940168.0377000000,,,,,,,
997066.6702650135,1094104.9190000000,,,,,,,
1073118.8907702663,1086619.6029999999,,,,,,,
1045822.0708576563,812451.6053000001,,,,,,,
751136.7326521368,840047.3856000000,,,,,,,
848275.0904858917,858950.0693000000,,,,,,,
952596.0775657587,842816.2139000000,,,,,,,
957329.4989077655,1011614.3090000000,,,,,,,
1073982.8735701772,1026586.6000000000,,,,,,,
1009961.8199550051,1121395.8689999999,,,,,,,
1083202.1603342183,871336.9810000000,,,,,,,
812612.9162729591,865933.3528000000,,,,,,,
864421.8490104827,833871.3416000000,,,,,,,
918618.3234512196,863079.8609000000,,,,,,,
967265.5417011707,953406.6348000000,,,,,,,
1007789.4950920693,1086539.4269999999,,,,,,,
1059393.6630923806,1104107.2209999999,,,,,,,
1054505.9610290038,859173.4865000000,,,,,,,
785265.1691859988,842754.5799000000,,,,,,,
833615.6633901575,819063.5126000000,,,,,,,
897447.9633425476,855919.1345000000,,,,,,,
955157.9385170715,1024858.7240000000,,,,,,,
1071563.9621677990,1107455.1830000000,,,,,,,
1068959.8698503014,1087696.5220000001,,,,,,,
1027997.8980969395,856898.3951000000,,,,,,,
782673.6025346707,846570.7561000000,,,,,,,
841374.0930990200,858345.6807000000,,,,,,,
939745.6692781991,861288.6713000000,,,,,,,
963249.1752382591,943085.8037000000,,,,,,,
997664.3861347352,1093650.3729999999,,,,,,,
1072745.9932926290,1103587.9820000001,,,,,,,
1063098.9343834883,859028.4889000000,,,,,,,
796344.0721629787,826760.3294000000,,,,,,,
832657.6534887351,883522.0695000000,,,,,,,
977089.7502103848,865452.1461000000,,,,,,,
977244.9088194405,992572.3834000000,,,,,,,
1050629.2643259070,1101522.4509999999,,,,,,,
1080796.9297235329,1117451.5819999999,,,,,,,
1073562.6900387697,864505.0060000001,,,,,,,
798836.6726970454,845163.1130000000,,,,,,,
844645.7355728128,863338.6956000000,,,,,,,
948606.4958549327,862056.1074000000,,,,,,,
964693.6458260076,980530.9268000000,,,,,,,
1030465.3957428853,1119304.2960000001,,,,,,,
1087697.9937546726,1045075.0720000000,,,,,,,
991603.2547896933,823598.5841000000,,,,,,,
752670.9122569863,828595.4809000000,,,,,,,
827760.1664034968,867794.7849000000,,,,,,,
947934.7880157924,870071.6419000000,,,,,,,
964823.1356632079,999946.1873000000,,,,,,,
1041156.7719130688,1067448.0530000001,,,,,,,
1030708.5791245635,1055792.8990000000,,,,,,,
1002420.4286074101,823190.9360000000,,,,,,,
755995.3082620539,870755.7021000000,,,,,,,
869722.4584558394,841874.2273000000,,,,,,,
923984.5568424773,818702.3990000000,,,,,,,
920852.4998544683,1013486.8870000000,,,,,,,
1069803.4588525421,1111972.0440000000,,,,,,,
1087025.2900225290,1202224.2560000001,,,,,,,
1149005.2161674460,854305.1639000000,,,,,,,
780441.0512660183,840517.6642000000,,,,,,,
836583.5831498000,881629.8495000000,,,,,,,
973653.4131774612,851399.7995000000,,,,,,,
962122.7756777271,974134.5560000000,,,,,,,
1034918.8142487309,1121853.0330000001,,,,,,,
1104899.8758087184,1119660.9240000001,,,,,,,
1070866.8322219052,864935.8427000000,,,,,,,
793480.1240452345,843427.3636000000,,,,,,,
839771.6132160487,854074.7131000001,,,,,,,
937446.9868077247,870580.9089000000,,,,,,,
971878.8111664902,999707.8280000000,,,,,,,
1047121.5851131727,1077223.8910000001,,,,,,,
1042901.9785573287,1120968.2160000000,,,,,,,
1064392.6408812420,796161.3668000000,,,,,,,
720617.1616640831,846899.2885000000,,,,,,,
837629.8909474781,850392.7584000000,,,,,,,
927873.5436893066,864983.0874000000,,,,,,,
954708.7398070737,969004.4606000000,,,,,,,
1007267.3191229706,1054295.7819999999,,,,,,,
1014020.1033824884,1064633.3070000000,,,,,,,
1006474.8019513236,784399.3973000000,,,,,,,
709653.8406844420,815319.8201000000,,,,,,,
808741.0591471829,785130.9514000000,,,,,,,
866709.9495699489,827641.7938000000,,,,,,,
927595.9360663597,963552.9833000000,,,,,,,
1013705.3401075709,1125757.0770000000,,,,,,,
1091224.6225656224,1212916.0030000000,,,,,,,
1149740.0410295767,1003109.8560000000,,,,,,,
908501.9908660707,1153937.2679999999,,,,,,,
1110919.4793351421,1206280.0910000000,,,,,,,
1232019.3184657625,1212384.7730000000,,,,,,,
1240264.9085109157,1442223.6939999999,,,,,,,
1412531.9754169730,1486122.0730000001,,,,,,,
1370877.3801462497,1463476.3700000001,,,,,,,
1325306.4100013226,1011406.4830000000,,,,,,,
870740.0897284013,946051.7940000000,,,,,,,
886822.7933358551,1063576.4120000000,,,,,,,
1109573.5593669158,1019204.3530000000,,,,,,,
1080416.2606653839,1086258.0330000001,,,,,,,
1092351.1076985602,1155423.0290000001,,,,,,,
1091546.0547436813,1110396.6780000001,,,,,,,
1034335.9725952585,875600.8810000001,,,,,,,
785810.6266580467,903529.7825000000,,,,,,,
880694.0250511179,970158.8117000000,,,,,,,
1025239.1124286742,962380.1095000000,,,,,,,
1026555.0426100622,1129618.5160000001,,,,,,,
1135625.6819840528,1260568.2840000000,,,,,,,
1181922.6870473512,1200395.4690000000,,,,,,,
1096143.7966727153,812311.2336000000,,,,,,,
697263.8870558289,837137.0922000000,,,,,,,
805860.9054327948,801463.1197000000,,,,,,,
868122.0205092749,808205.8260999999,,,,,,,
895018.0535122310,893015.7226000000,,,,,,,
935166.2109443225,978763.1463000000,,,,,,,
946593.4204196035,1083949.2080000001,,,,,,,
1033546.7831862102,825267.3827000000,,,,,,,
750390.0201806593,824217.4780000000,,,,,,,
809628.7208190856,801182.3667000000,,,,,,,
876511.3262638913,806873.7274000000,,,,,,,
905073.4449045748,934557.3597000000,,,,,,,
986412.7252514076,1041255.9560000000,,,,,,,
1014788.5226995854,998216.2116000000,,,,,,,
953754.2500718805,799561.1712000000,,,,,,,
739372.3268108959,805477.2564000000,,,,,,,
812427.0920982938,797852.3914000000,,,,,,,
886778.5163989334,782704.5605000000,,,,,,,
891641.0722584567,939352.6904000000,,,,,,,
984992.1866289827,1069733.4469999999,,,,,,,
1033154.5161288590,1108411.4920000001,,,,,,,
1043472.2595945795,937032.7347000000,,,,,,,
843346.4157663288,903150.6290000000,,,,,,,
865968.6904711457,848875.5205000000,,,,,,,
894429.4462788717,847542.8445000000,,,,,,,
918382.5479983748,954391.8752000000,,,,,,,
979519.1165457715,999080.0741000000,,,,,,,
947359.5985073239,1022539.7590000000,,,,,,,
954460.7965103464,841818.7891000001,,,,,,,
754111.6973314324,844902.3889000000,,,,,,,
814574.0187773114,928910.5275000000,,,,,,,
973943.0972713024,963664.7596000000,,,,,,,
1017787.5938012872,1195483.4399999999,,,,,,,
1184666.6784220156,1316780.1820000000,,,,,,,
1213364.3170613549,1226835.6429999999,,,,,,,
1095467.7347671629,855722.3810000001,,,,,,,
717910.4394489194,795662.2108999999,,,,,,,
747579.3076618268,774997.9013000000,,,,,,,
831734.1813719553,764297.1669000000,,,,,,,
849391.7595136578,847012.3115000000,,,,,,,
888756.7295299538,952813.2313000000,,,,,,,
921980.9747823672,997202.1411000000,,,,,,,
949435.5410875941,684306.4424000001,,,,,,,
618117.4300350903,774264.6407000000,,,,,,,
775067.5422076873,738653.2530000000,,,,,,,
826182.5035278631,716340.5942000001,,,,,,,
820122.7260604943,822307.7049000000,,,,,,,
883376.1840544379,990826.7821000000,,,,,,,
974499.8922215221,931782.0538000000,,,,,,,
882649.1360533496,726002.1718000000,,,,,,,
655522.1290817594,706545.3344000001,,,,,,,
704498.0794794481,769695.0540000000,,,,,,,
847986.7812549677,696734.1777999999,,,,,,,
791573.5097912039,816480.5969000000,,,,,,,
861146.6559854595,949358.2104000000,,,,,,,
919020.3604926467,962165.4630000000,,,,,,,
906648.2106452908,659656.6978000000,,,,,,,
582080.1249591629,717991.5511000000,,,,,,,
707168.6851379608,715368.7333000000,,,,,,,
788838.5247036911,718404.1397000001,,,,,,,
804443.4784319839,862187.3374000000,,,,,,,
896782.5214574853,945573.5490000000,,,,,,,
899158.0753681901,932592.0774000000,,,,,,,
865799.6136060699,669815.4000000000,,,,,,,
588021.5989360623,733209.5458000000,,,,,,,
718823.6663949270,723219.7879000000,,,,,,,
791680.4552091433,685625.2454000000,,,,,,,
770881.5413196310,817436.8704000000,,,,,,,
858464.8709318002,924364.1090000001,,,,,,,
890505.8317393474,922122.0638000000,,,,,,,
868530.0474183476,680049.8018000000,,,,,,,
609373.5438568434,667221.2229000001,,,,,,,
665616.9180640002,715141.8447000000,,,,,,,
800166.0562003598,698373.9892000000,,,,,,,
801627.6677374564,790880.9412000000,,,,,,,
844476.4065988471,911771.7328999999,,,,,,,
891229.7059791521,893905.6605999999,,,,,,,
855698.7299708159,682861.9384000000,,,,,,,
625210.6119688752,719668.4425000000,,,,,,,
726062.4937265333,676793.3354000000,,,,,,,
758600.0487014033,708842.5672000000,,,,,,,
808437.5559567736,768686.2717000000,,,,,,,
821341.8159133313,897209.6960000000,,,,,,,
871547.7409627037,946270.9015000000,,,,,,,
900181.0234946194,678947.5965000000,,,,,,,
606689.5229424764,667368.3828000000,,,,,,,
658128.8452186233,708024.7908000000,,,,,,,
784219.0823364654,683662.6051000000,,,,,,,
775429.6412115643,794469.0017000000,,,,,,,
833985.4220558369,900015.8804000000,,,,,,,
862252.3404973508,877974.5865000000,,,,,,,
820198.7004390368,718076.4579000000,,,,,,,
638974.0805531556,686966.4444000000,,,,,,,
669441.6806572679,704433.4615000000,,,,,,,
766803.9180019755,680292.2484000000,,,,,,,
763920.0690236160,805969.4362999999,,,,,,,
840945.5502417306,919775.5261000000,,,,,,,
878088.1639614319,846400.8480000000,,,,,,,
787054.2777625085,722984.5975000000,,,,,,,
647160.4876622155,663705.6477000000,,,,,,,
654225.3507798116,651171.6472000000,,,,,,,
724140.2387991695,693433.8729000000,,,,,,,
792114.2191236031,786958.4545000000,,,,,,,
836454.8771934233,867290.6144000000,,,,,,,
839422.8708301475,868953.4706999999,,,,,,,
826983.1759103311,684938.8498000000,,,,,,,
625263.4540615180,650709.0598000000,,,,,,,
654713.3266785921,692382.9073000000,,,,,,,
779056.4944352282,688172.3532000000,,,,,,,
793963.6043022658,755145.7653000000,,,,,,,
810441.7495072886,863411.9044000000,,,,,,,
845028.4559363091,863761.9190000000,,,,,,,
828980.9098647528,698457.4096000000,,,,,,,
640455.8856122262,643556.8904000000,,,,,,,
646065.5834004956,668625.9624000000,,,,,,,
752271.1709099641,716576.4607000001,,,,,,,
818414.5910440416,798951.8317000000,,,,,,,
844487.4342851901,898916.3784000000,,,,,,,
863151.4320401269,896886.0097000001,,,,,,,
842897.5329915072,653425.5865000000,,,,,,,
579442.2611600896,681558.4557000000,,,,,,,
671699.2409170063,670622.7601000000,,,,,,,
743010.4358645217,678721.5692000000,,,,,,,
767241.6252610586,804044.9006000001,,,,,,,
842475.0404556696,898070.4788000000,,,,,,,
856636.2174562240,853569.4161000000,,,,,,,
794088.6446056969,648443.9886000000,,,,,,,
573934.2914362836,652978.6008000000,,,,,,,
646210.0308486654,678187.3721000000,,,,,,,
753306.4451889115,655230.8534000000,,,,,,,
748986.9012962395,734918.0342000000,,,,,,,
782242.2592486476,931451.3879000000,,,,,,,
903885.6623847124,870681.4203999999,,,,,,,
822412.6334683804,679820.1429000000,,,,,,,
609647.4126020720,678597.3424000000,,,,,,,
677640.1345225659,734672.1946000000,,,,,,,
814215.8276334703,645415.7868999999,,,,,,,
744081.2692846475,813094.6050000000,,,,,,,
864671.6394692742,862373.9774000000,,,,,,,
842103.9117150011,876987.1794000000,,,,,,,
837096.9419688203,705733.1809000000,,,,,,,
652419.2343850820,704094.7544000000,,,,,,,
709080.4570434304,685948.1885000000,,,,,,,
770078.5348474131,671220.0659000000,,,,,,,
775579.9662697709,793530.3517999999,,,,,,,
849897.0683513336,872412.6416000000,,,,,,,
850556.7563572044,879146.8879000000,,,,,,,
837054.7877982623,674642.0878000000,,,,,,,
612009.0452998700,685515.4263000001,,,,,,,
683121.4916678737,664270.8186000000,,,,,,,
742177.8200816577,690016.1592000000,,,,,,,
785330.6172570281,765935.8368000000,,,,,,,
811844.2435025787,913234.6699000000,,,,,,,
879346.8047320284,951829.8692000000,,,,,,,
895517.3270957586,692892.2107000001,,,,,,,
610621.1624874990,717072.0176000000,,,,,,,
698385.7283590483,689323.0318999999,,,,,,,
757024.6609591800,702993.6357000000,,,,,,,
790274.6469949437,803778.7234000000,,,,,,,
844751.0579545995,903505.2092000000,,,,,,,
867819.0605002603,866381.2099000000,,,,,,,
815632.5477161818,705039.6200999999,,,,,,,
637710.7703308349,677430.7892000000,,,,,,,
675600.1035418868,674061.4668000001,,,,,,,
754994.2172058466,697059.2837000000,,,,,,,
800741.9216943092,855678.6158000000,,,,,,,
908319.7506777132,923755.6407000000,,,,,,,
895050.2029356206,946830.7874000000,,,,,,,
897943.3046944917,714012.5555000000,,,,,,,
647962.0231512850,683476.9763000000,,,,,,,
682780.1791059045,698462.4023000000,,,,,,,
784855.0622795545,717494.3726999999,,,,,,,
833333.1994609856,836297.1020000000,,,,,,,
899152.2278280683,884518.7465000000,,,,,,,
868400.8689604842,926707.9553000000,,,,,,,
892621.2600130134,679484.4362000000,,,,,,,
626504.4974610823,681985.3000000000,,,,,,,
690400.9783885070,707429.2160000000,,,,,,,
798851.9207149777,729495.3954000000,,,,,,,
834732.1606025185,824464.1165000000,,,,,,,
875164.9670816432,956296.9171000000,,,,,,,
925746.5578934450,948436.0599000000,,,,,,,
896137.1756662349,690247.3689999999,,,,,,,
616581.4693077889,732341.1490000000,,,,,,,
724617.2722238105,724934.6705000000,,,,,,,
800000.3428007691,714205.1078000000,,,,,,,
805257.1323220464,873777.9612000000,,,,,,,
915495.1531650885,925710.2165000000,,,,,,,
888587.3949211170,983285.8215000000,,,,,,,
925507.3023167725,749425.7225000000,,,,,,,
673027.1819520849,747772.4601000000,,,,,,,
733349.4975614788,747445.0638000000,,,,,,,
819591.9612855400,770443.9565000000,,,,,,,
862665.3163546876,831725.3826000000,,,,,,,
876660.3514219988,995180.4227999999,,,,,,,
964162.5602870409,978236.2185000000,,,,,,,
929388.8876389361,754479.4625000000,,,,,,,
683875.1869133733,739892.0484000000,,,,,,,
737717.1447988414,746824.9621000000,,,,,,,
830821.3566425883,724662.6814999999,,,,,,,
830197.8055026105,846094.7388000001,,,,,,,
904101.2673059959,969142.1651000000,,,,,,,
957067.4161344395,891589.7883000000,,,,,,,
859954.1840709044,725287.9702000000,,,,,,,
676172.6345043518,713773.9486999999,,,,,,,
730573.9416021769,721153.9666000000,,,,,,,
815963.5745925243,767695.4878999999,,,,,,,
878432.8733345306,889632.9193000000,,,,,,,
944223.2145491249,946545.6246000000,,,,,,,
918097.2935158169,991756.0527999999,,,,,,,
943525.2258240380,740894.9873000000,,,,,,,
672584.5605628588,715513.9660000000,,,,,,,
709852.2505073691,716052.9952000000,,,,,,,
797684.8543118974,728441.3903000000,,,,,,,
829832.5082268766,852441.4654000000,,,,,,,
902371.3015262214,900397.5851000000,,,,,,,
872022.7945541901,1024322.7709999999,,,,,,,
975500.1495526620,748478.6416000000,,,,,,,
676381.1957695055,741045.9243000000,,,,,,,
728339.2491363445,766045.4097000000,,,,,,,
842703.0411322303,772525.1738000000,,,,,,,
867751.7788815410,834663.2033000001,,,,,,,
881514.3691788507,997479.5506000000,,,,,,,
969704.7416107531,986424.8943000000,,,,,,,
940605.1415159449,761900.8832000000,,,,,,,
694067.6805562992,767371.6250999999,,,,,,,
767038.4945448649,879339.5864000000,,,,,,,
959725.7760286183,1126520.1059999999,,,,,,,
1207027.8426668071,1701411.7360000000,,,,,,,
1683239.7994079159,2539874.5049999999,,,,,,,
2351378.5763156964,2948207.2810000000,,,,,,,
2616410.4725041632,2210492.4449999998,,,,,,,
1776470.2374260223,701410.6195000000,,,,,,,
