date,weather_meantemp,weather_humidity,wind_speed,weather_meanpressure
2013-01-01,10,84.5,0,1015.66666666667
2013-01-02,7.4,92,2.98,1017.8
2013-01-03,7.16666666666667,87,4.63333333333333,1018.66666666667
2013-01-04,8.66666666666667,71.3333333333333,1.23333333333333,1017.16666666667
2013-01-05,6,86.8333333333333,3.7,1016.5
2013-01-06,7,82.8,1.48,1018
2013-01-07,7,78.6,6.3,1020
2013-01-08,8.85714285714286,63.7142857142857,7.14285714285714,1018.71428571429
2013-01-09,14,51.25,12.5,1017
2013-01-10,11,62,7.4,1015.66666666667
2013-01-11,15.7142857142857,51.2857142857143,10.5714285714286,1016.14285714286
2013-01-12,14,74,13.2285714285714,1015.57142857143
2013-01-13,15.8333333333333,75.1666666666667,4.63333333333333,1013.33333333333
2013-01-14,12.8333333333333,88.1666666666667,0.616666666666667,1015.16666666667
2013-01-15,14.7142857142857,71.8571428571429,0.528571428571429,1015.85714285714
2013-01-16,13.8333333333333,86.6666666666667,0,1016.66666666667
2013-01-17,16.5,80.8333333333333,5.25,1015.83333333333
2013-01-18,13.8333333333333,92.1666666666667,8.95,1014.5
2013-01-19,12.5,76.6666666666667,5.88333333333333,1021.66666666667
2013-01-20,11.2857142857143,75.2857142857143,8.47142857142857,1020.28571428571
2013-01-21,11.2,77,2.22,1021
2013-01-22,9.5,79.6666666666667,3.08333333333333,1021.8
2013-01-23,14,60.1666666666667,4.01666666666667,1020.5
2013-01-24,13.8333333333333,60.6666666666667,6.16666666666667,1020.5
2013-01-25,12.25,67,5.55,1020.75
2013-01-26,12.6666666666667,64.1666666666667,6.8,1019.66666666667
2013-01-27,12.8571428571429,65.5714285714286,5.55714285714286,1018.14285714286
2013-01-28,14.8333333333333,56,3.7,1017.83333333333
2013-01-29,14.125,65.5,3.2375,1016.625
2013-01-30,14.7142857142857,70.4285714285714,1.05714285714286,1017.85714285714
2013-01-31,16.2,65.6,2.96,1018.4
2013-02-01,16,73,2.22,1016
2013-02-02,16.2857142857143,77.5714285714286,1.32857142857143,1017.14285714286
2013-02-03,18,65.5714285714286,1.85714285714286,1015.28571428571
2013-02-04,17.4285714285714,74.2857142857143,11.1142857142857,1014.57142857143
2013-02-05,16.625,92.375,9.725,1016.375
2013-02-06,16.6666666666667,71.3333333333333,8.63333333333333,1018.66666666667
2013-02-07,15.6,59.4,10.74,1018.6
2013-02-08,14,70.4285714285714,9.25714285714286,1017.14285714286
2013-02-09,15.4285714285714,61.2857142857143,9.25714285714286,1016.85714285714
2013-02-10,15.25,71.5,3.475,1017.125
2013-02-11,15.875,70.5,5.325,1016.5
2013-02-12,15.3333333333333,70.3333333333333,7.41666666666667,1017.5
2013-02-13,16.2857142857143,70.1428571428571,6.08571428571429,1016
2013-02-14,17.3333333333333,63.8333333333333,4.33333333333333,1014.16666666667
2013-02-15,19.1666666666667,65.3333333333333,10.1833333333333,1011.66666666667
2013-02-16,14.4285714285714,92.7142857142857,8.48571428571429,1008
2013-02-17,13.6666666666667,90,0,1012.66666666667
2013-02-18,15.6,78.4,12.22,1016.2
2013-02-19,15.8571428571429,82,5.81428571428572,1015.71428571429
2013-02-20,17.7142857142857,74.7142857142857,5.81428571428572,1017
2013-02-21,20,67.2857142857143,6.61428571428571,1015.42857142857
2013-02-22,20.5,65.625,10.875,1016
2013-02-23,17.4285714285714,74.8571428571429,9.25714285714286,1017
2013-02-24,16.8571428571429,78.8571428571429,7.4,1018.85714285714
2013-02-25,16.875,72.875,4.6375,1018.25
2013-02-26,17.8571428571429,70,17.5875,1015.14285714286
2013-02-27,20.8,57.2,6.66,1015.2
2013-02-28,19.4285714285714,52.8571428571429,12.9571428571429,1017.42857142857
2013-03-01,17.3333333333333,49.3333333333333,24.0666666666667,1016.33333333333
2013-03-02,19,54,15.725,1016.25
2013-03-03,19.3333333333333,62.8333333333333,8.63333333333333,1016.16666666667
2013-03-04,17.6,71,5.56,1015.8
2013-03-05,20.875,61.875,4.1625,1016.375
2013-03-06,20.8571428571429,65.2857142857143,6.87142857142857,1015.71428571429
2013-03-07,23.4285714285714,57.1428571428571,8.72857142857143,1015.28571428571
2013-03-08,24.1666666666667,44.8333333333333,7.1,1014.83333333333
2013-03-09,25.4285714285714,49.7142857142857,5.28571428571429,1009.28571428571
2013-03-10,23.1428571428571,57.5714285714286,4.22857142857143,1008
2013-03-11,24,66.3333333333333,0.933333333333333,1011.16666666667
2013-03-12,23.5,62.5,4.93333333333333,1011.5
2013-03-13,21.5,70.5,5.55,1009
2013-03-14,22.3333333333333,61.1666666666667,12.0333333333333,1013.16666666667
2013-03-15,24.1666666666667,45.8333333333333,7.71666666666667,1016.16666666667
2013-03-16,20.3333333333333,67.6666666666667,3.7,1016.16666666667
2013-03-17,22.6666666666667,58.6666666666667,8.95,1015
2013-03-18,23.4285714285714,58.1428571428572,17.4571428571429,1009.42857142857
2013-03-19,22.5,73.6666666666667,10.4833333333333,1011
2013-03-20,29.1666666666667,36.3333333333333,6.8,1009.5
2013-03-21,23.8333333333333,58.5,10.5,1008.33333333333
2013-03-22,25.25,50.25,9.7125,1006.375
2013-03-23,27.375,50.125,9.95,1007.625
2013-03-24,27,48.75,10.8875,1010.25
2013-03-25,23.5,45.5,15.9625,1010.625
2013-03-26,24.1428571428571,44.5714285714286,12.9571428571429,1008.85714285714
2013-03-27,21,62,1.85,1009
2013-03-28,22.4285714285714,62.7142857142857,7.41428571428572,1009.57142857143
2013-03-29,21.25,70.375,5.55,1009.75
2013-03-30,23.5,54.75,11.1125,1008.625
2013-03-31,23.2,58,6.66,1008.6
2013-04-01,25.375,45.5,4.4,1008.5
2013-04-02,25.1666666666667,51,8.65,1009.5
2013-04-03,26.2,45.6,8.14,1009
2013-04-04,24.6,41.8,11.12,1007.8
2013-04-05,25.6,31,15.56,1007
2013-04-06,25.8571428571429,29.8571428571429,11.9,1006.14285714286
2013-04-07,29.1428571428571,23.2857142857143,10.3142857142857,1005
2013-04-08,28.7142857142857,33.8571428571429,5.3,1006
2013-04-09,30.1666666666667,30.5,8.65,1005.33333333333
2013-04-10,30,28,6.1,1006.71428571429
2013-04-11,30,24.2,7.78,1006.4
2013-04-12,28.8571428571429,32.5714285714286,6.34285714285714,1007.57142857143
2013-04-13,30.2,29.2,10,1008.4
2013-04-14,28.25,39.375,6.4875,1007
2013-04-15,28.25,41.375,6.25,1003.875
2013-04-16,32.125,24.625,10.425,1000
2013-04-17,29.2,24.2,6.66,1002.2
2013-04-18,30.2857142857143,30.2857142857143,4.75714285714286,1002.85714285714
2013-04-19,28.2857142857143,31.2857142857143,3.97142857142857,1002.57142857143
2013-04-20,30.625,29,7.6375,1003.375
2013-04-21,27.6666666666667,38.6666666666667,13.8833333333333,1006.83333333333
2013-04-22,27.375,45.375,7.65,1010
2013-04-23,28.625,44.125,4.625,1009.875
2013-04-24,30.2857142857143,41.7142857142857,2.11428571428571,1008.57142857143
2013-04-25,31.1428571428571,38.2857142857143,3.7,1007.71428571429
2013-04-26,29.875,45.875,6.7125,1008.375
2013-04-27,31.1428571428571,31.4285714285714,13.4857142857143,1007
2013-04-28,30.5714285714286,28,12.9714285714286,1005.42857142857
2013-04-29,32.125,26.375,7.875,1004.875
2013-04-30,31.1428571428571,32,7.92857142857143,1004.85714285714
2013-05-01,31.8571428571429,15.8571428571429,12.6857142857143,1002.83333333333
2013-05-02,29.8333333333333,22.1666666666667,11.4333333333333,1001.2
2013-05-03,28.5714285714286,31.5714285714286,9,999.428571428571
2013-05-04,32.8571428571429,31.4285714285714,2.91428571428571,999
2013-05-05,32.625,31.125,3.0125,1000.625
2013-05-06,32.75,39.25,3.7,1001.625
2013-05-07,32.875,33.25,7.175,1002
2013-05-08,34.5,23,9.25,1001.16666666667
2013-05-09,34.2857142857143,26,8.98571428571428,1000.85714285714
2013-05-10,34,27.7142857142857,9.52857142857143,1000.14285714286
2013-05-11,30.75,30.375,14.8125,999.875
2013-05-12,29.8571428571429,40.1428571428571,5.82857142857143,1003.71428571429
2013-05-13,31.7142857142857,34,3.97142857142857,1003.57142857143
2013-05-14,32.2857142857143,34.2857142857143,4.77142857142857,1001.57142857143
2013-05-15,33,33,3.2375,999.857142857143
2013-05-16,33,34.75,7.175,998.5
2013-05-17,32.8333333333333,28.1666666666667,9.86666666666667,1000.33333333333
2013-05-18,31.4,42.2,12.9666666666667,999
2013-05-19,35.3333333333333,22.3333333333333,15.75,999.666666666667
2013-05-20,36.4,24.2,7.4,998.4
2013-05-21,36,19,11.3714285714286,998.666666666667
2013-05-22,36.75,22.125,17.5875,998.625
2013-05-23,37.5,23.3333333333333,13.5666666666667,997.166666666667
2013-05-24,38.4285714285714,27.4285714285714,11.3857142857143,996.428571428572
2013-05-25,38.7142857142857,22.4285714285714,10.3142857142857,998.142857142857
2013-05-26,37.8,21.2,10.74,998.2
2013-05-27,35.8571428571429,31.5714285714286,8.72857142857143,999.142857142857
2013-05-28,35.3333333333333,29,8.33333333333333,1000.16666666667
2013-05-29,34.1428571428571,27.8571428571429,5.55714285714286,999.428571428571
2013-05-30,32.2,28.2,5.56,999.6
2013-05-31,33.625,40.125,10.6375,998.714285714286
2013-06-01,32,54,13.4375,998.75
2013-06-02,32.4,56.6,14.2,1001
2013-06-03,35.6,47,12.24,999.6
2013-06-04,35.8571428571429,42.5714285714286,5.02857142857143,999.857142857143
2013-06-05,37.1666666666667,36.5,9.86666666666667,998
2013-06-06,31.2857142857143,61.7142857142857,10.0428571428571,997.285714285714
2013-06-07,34,49.25,7.4125,998
2013-06-08,34.2,57.4,13.34,997
2013-06-09,36.1666666666667,40,11.4166666666667,995.166666666667
2013-06-10,36.625,42.75,8.1,995.125
2013-06-11,30.1666666666667,61.6666666666667,16.35,1000
2013-06-12,34.1428571428571,54.1428571428571,7.41428571428572,998
2013-06-13,29.8333333333333,68.6666666666667,9.86666666666667,998.666666666667
2013-06-14,30.1428571428571,68.1428571428571,7.94285714285714,997.428571428572
2013-06-15,30.7142857142857,65,13.2285714285714,997.857142857143
2013-06-16,27,88.8571428571429,8.48571428571429,996.428571428572
2013-06-17,26.875,87.375,8.3375,994.75
2013-06-18,28.4,83.6,5.18,996.4
2013-06-19,29.8571428571429,72.8571428571429,4.22857142857143,999
2013-06-20,33,52.7142857142857,4.77142857142857,997.166666666667
2013-06-21,34.8333333333333,47.3333333333333,5.86666666666667,995.333333333333
2013-06-22,35.6,39.4,10.74,996.2
2013-06-23,35.1666666666667,53,8.35,995.666666666667
2013-06-24,33.1428571428571,55,13.2285714285714,996.285714285714
2013-06-25,30.5714285714286,70.4285714285714,11.1142857142857,999.166666666667
2013-06-26,30.6666666666667,71.5,6.48333333333333,999
2013-06-27,31.4285714285714,61.8571428571429,7.95714285714286,996.714285714286
2013-06-28,31.5,64.25,8.8125,996
2013-06-29,33.25,57,13.875,995.25
2013-06-30,32.8333333333333,52.1666666666667,10.5,997.166666666667
2013-07-01,33.8571428571429,54,8.72857142857143,996.428571428572
2013-07-02,33.1428571428571,58.2857142857143,9.8,996
2013-07-03,31.5714285714286,70,6.35714285714286,997.571428571429
2013-07-04,32.375,67.5,9.25,997
2013-07-05,32.8,62.2,12.96,997.8
2013-07-06,31,73.1428571428571,11.3714285714286,1000.57142857143
2013-07-07,31.1666666666667,77.3333333333333,7.1,1000.16666666667
2013-07-08,29.8333333333333,75.1666666666667,6.48333333333333,997.5
2013-07-09,29,78.8333333333333,8.01666666666667,996.833333333333
2013-07-10,29.75,75.375,6.4875,995.75
2013-07-11,32.5,65.5,7.11666666666667,997.333333333333
2013-07-12,28.875,86.625,5.5625,1000
2013-07-13,31.75,70.25,12.0625,998.875
2013-07-14,30.75,71.625,4.8125,997.375
2013-07-15,31.75,73.25,13.5375,998.375
2013-07-16,29.875,83.875,9,999
2013-07-17,31.125,78.375,8.65,998
2013-07-18,31.75,76,5.55,995
2013-07-19,30.5,73.5,9.26666666666667,995.333333333333
2013-07-20,26.8333333333333,90.6666666666667,4.93333333333333,999.166666666667
2013-07-21,28.2,88,2.24,996.4
2013-07-22,29.5,80.3333333333333,4.33333333333333,996.833333333333
2013-07-23,31.8571428571429,70.7142857142857,3.97142857142857,998
2013-07-24,29.7142857142857,84.1428571428571,3.97142857142857,997.142857142857
2013-07-25,28.3333333333333,84.5,8.01666666666667,995.166666666667
2013-07-26,30,73.8571428571429,5.57142857142857,995.428571428571
2013-07-27,30.1428571428571,79,4.22857142857143,997.285714285714
2013-07-28,32.2857142857143,67.4285714285714,6.08571428571429,998.142857142857
2013-07-29,31,77.4285714285714,4.77142857142857,997.142857142857
2013-07-30,30.5,75.6666666666667,8.01666666666667,996.5
2013-07-31,28.8333333333333,78.5,9.86666666666667,996.666666666667
2013-08-01,30,73.5,5.55,998
2013-08-02,31.5714285714286,66.4285714285714,11.1142857142857,999.428571428571
2013-08-03,32.5,62.3333333333333,10.8166666666667,1000.83333333333
2013-08-04,32.5,62.5,5.1,993.25
2013-08-05,29.5,77,6.78333333333333,1001
2013-08-06,27.1666666666667,90.6666666666667,4.01666666666667,1002.16666666667
2013-08-07,28.375,85.25,3.25,1001.875
2013-08-08,28.5,84,6.16666666666667,1000.5
2013-08-09,27.1666666666667,87.5,3.71666666666667,1001
2013-08-10,29.4285714285714,79.8571428571429,6.1,1000.33333333333
2013-08-11,30,76.8333333333333,6.8,1001.16666666667
2013-08-12,29.5,81.5,8.35,1001
2013-08-13,30.75,72,11.125,999.25
2013-08-14,29.6666666666667,74.3333333333333,9.86666666666667,999.833333333333
2013-08-15,27.7142857142857,85,8.2,1001.71428571429
2013-08-16,26.6,92,4.46,1000.8
2013-08-17,27.4285714285714,91,14.2857142857143,999.428571428571
2013-08-18,28.3333333333333,83.8333333333333,1.23333333333333,1000.16666666667
2013-08-19,28.1666666666667,84.6666666666667,5.55,1000.5
2013-08-20,27.375,88.5,5.325,999
2013-08-21,28.3333333333333,81.1666666666667,10.3142857142857,999.285714285714
2013-08-22,29.1666666666667,74.8333333333333,6.48333333333333,1001.16666666667
2013-08-23,31.2857142857143,73.1428571428571,2.64285714285714,1001.42857142857
2013-08-24,32,71.25,18.525,1000.33333333333
2013-08-25,29,90.75,0.925,998.75
2013-08-26,32,69.875,6.475,997.857142857143
2013-08-27,32.1428571428571,57.2857142857143,17.0714285714286,999.857142857143
2013-08-28,30.1428571428571,60.7142857142857,11.6428571428571,1003.71428571429
2013-08-29,31.5,57,9.275,1003.25
2013-08-30,29.1666666666667,73,3.1,1003.5
2013-08-31,29,71.75,4.65,1003.25
2013-09-01,30,65.2,11.48,1003.2
2013-09-02,31.8571428571429,50.8571428571429,15.3428571428571,1003.71428571429
2013-09-03,32.75,45.5,14.8,1001.5
2013-09-04,31.7142857142857,48,14.5428571428571,1002.16666666667
2013-09-05,31.6666666666667,46,13.5666666666667,1001.5
2013-09-06,30.5714285714286,55.7142857142857,10.0428571428571,1003.42857142857
2013-09-07,30.8333333333333,51.8333333333333,6.78333333333333,1004.16666666667
2013-09-08,28,71.75,2.325,1007.25
2013-09-09,31,57.5,42.22,1007
2013-09-10,29.6666666666667,66.3333333333333,3.7,1005.33333333333
2013-09-11,30.8571428571429,61.1428571428572,3.97142857142857,1005.57142857143
2013-09-12,31.1666666666667,60.3333333333333,2.78333333333333,1008.16666666667
2013-09-13,31.1428571428571,67.1428571428571,3.17142857142857,1007.14285714286
2013-09-14,30.5,67,2.78333333333333,1003.83333333333
2013-09-15,31.625,56.375,3.9375,1001.375
2013-09-16,29.6666666666667,60,7.1,1002.33333333333
2013-09-17,29.25,56.5,3.475,1002.875
2013-09-18,29.1428571428571,58.5714285714286,5.55714285714286,1003.14285714286
2013-09-19,29.8,61.6,2.96,1001.8
2013-09-20,28.6666666666667,70,9.58333333333333,1003
2013-09-21,25.2,89,5.18,1003
2013-09-22,28.3333333333333,79.6666666666667,3.08333333333333,1001.66666666667
2013-09-23,30.2857142857143,68,4.5,1001
2013-09-24,30.75,65.75,5.7875,1002.75
2013-09-25,28.5714285714286,75,6.61428571428572,1005.42857142857
2013-09-26,28.2,78.8,4.08,1006.6
2013-09-27,29,71.25,7.4125,1005.625
2013-09-28,30,67.3333333333333,1.23333333333333,1005.33333333333
2013-09-29,28.1428571428571,79.8571428571429,5.55714285714286,1003.85714285714
2013-09-30,26.8571428571429,84.5714285714286,4.22857142857143,1004.71428571429
2013-10-01,28.2857142857143,68.7142857142857,6.37142857142857,1007.71428571429
2013-10-02,29.2,61.4,7.42,1010
2013-10-03,28.6,59,7.4,1008.6
2013-10-04,24.8333333333333,84.3333333333333,6.78333333333333,1007.5
2013-10-05,28.5,69,2.0875,1004.125
2013-10-06,29.75,66.5,1.85,1005.25
2013-10-07,29.7142857142857,66.5714285714286,1.58571428571429,1008.85714285714
2013-10-08,29.2,69.4,0,1009.8
2013-10-09,30.8333333333333,65.5,5.56666666666667,1010.33333333333
2013-10-10,29.4285714285714,66.2857142857143,3.97142857142857,1010.85714285714
2013-10-11,23.8571428571429,89.8571428571429,4.24285714285714,1010.57142857143
2013-10-12,26.1428571428571,82.5714285714286,2.91428571428571,1008.28571428571
2013-10-13,27.1666666666667,84.3333333333333,0.616666666666667,1007.66666666667
2013-10-14,27.7142857142857,74.8571428571429,5.55714285714286,1007
2013-10-15,25.8571428571429,76.4285714285714,3.7,1009.14285714286
2013-10-16,26.4285714285714,75,0,1009
2013-10-17,26.8571428571429,76.7142857142857,1.05714285714286,1010.42857142857
2013-10-18,26.3333333333333,73.1666666666667,0,1010.5
2013-10-19,24.5714285714286,69.5714285714286,2.11428571428571,1011.57142857143
2013-10-20,24.3333333333333,67.8333333333333,1.55,1010.66666666667
2013-10-21,24.875,63.625,1.3875,1009.875
2013-10-22,27.8,53.6,0,1011
2013-10-23,25,67.5,1.1625,1013.625
2013-10-24,23.8571428571429,73.1428571428571,1.05714285714286,1013.28571428571
2013-10-25,22.8,75.8,1.86,1011
2013-10-26,23,78.2,0.74,1011.2
2013-10-27,22.875,66.875,2.55,1010.625
2013-10-28,22.6666666666667,63.1666666666667,4.93333333333333,1010
2013-10-29,23,62.7142857142857,3.97142857142857,1011.14285714286
2013-10-30,22.8571428571429,67.4285714285714,2.38571428571429,1012.85714285714
2013-10-31,23.6666666666667,58.8333333333333,3.08333333333333,1012.83333333333
2013-11-01,23.4285714285714,69.1428571428571,1.05714285714286,1013.28571428571
2013-11-02,21.625,65,4.6375,1014.5
2013-11-03,20.625,57.875,5.5625,1016
2013-11-04,21.1666666666667,54.1666666666667,2.46666666666667,1017.5
2013-11-05,18.8333333333333,74.3333333333333,0,1017.5
2013-11-06,20.5714285714286,66.7142857142857,3.18571428571429,1015.85714285714
2013-11-07,20.1428571428571,73.1428571428571,4.5,1015.66666666667
2013-11-08,18,82.2,19.9125,1015.625
2013-11-09,19.8571428571429,73.5714285714286,0.528571428571429,1016.71428571429
2013-11-10,16.8333333333333,72,2.46666666666667,1016
2013-11-11,18.8571428571429,61.8571428571429,5.81428571428572,1013.42857142857
2013-11-12,16.5714285714286,71.7142857142857,0.8,1013.85714285714
2013-11-13,17.75,65,3.0125,1014.25
2013-11-14,17.625,63.375,3.475,1015.25
2013-11-15,17,67,0.925,1016.5
2013-11-16,16.625,69.625,0,1018
2013-11-17,15.5714285714286,67.4285714285714,2.38571428571429,1017.71428571429
2013-11-18,18.5,55.125,7.4125,1016.875
2013-11-19,17.875,63.5,7.175,1015.5
2013-11-20,18.25,58.875,2.55,1012.75
2013-11-21,17.875,66.25,2.0875,1013.125
2013-11-22,17.625,74.875,1.1625,1015.75
2013-11-23,18.1428571428571,77.8571428571429,0.8,1014.57142857143
2013-11-24,19.125,58.875,5.0875,1014.5
2013-11-25,21.25,49.875,9.5,1012.875
2013-11-26,21.25,51.375,9.75,1011.75
2013-11-27,19.125,68.5,2.7875,1014.75
2013-11-28,18.625,71.875,1.85,1017.75
2013-11-29,17.75,66.625,4.8625,1016.875
2013-11-30,17.875,69.625,11.8125,1015.875
2013-12-01,18,65,1.58571428571429,1016.14285714286
2013-12-02,17.25,73.25,1.85,1015.875
2013-12-03,17.5,73.5,1.3875,1016.75
2013-12-04,17.1428571428571,71.8571428571429,4.22857142857143,1017
2013-12-05,17.1428571428571,69,6.88571428571429,1015.28571428571
2013-12-06,16.125,72.375,3.7125,1014
2013-12-07,16,80.5,1.1625,1014.25
2013-12-08,16.5,83.625,0,1014
2013-12-09,16.125,79.25,2.3125,1013.5
2013-12-10,15.5,81.75,2.55,1013.75
2013-12-11,16.625,71.875,6.475,1014.125
2013-12-12,17.75,62.375,16.9,1012.5
2013-12-13,17.1428571428571,67.7142857142857,11.6285714285714,1012
2013-12-14,16.1428571428571,79,0.8,1012.57142857143
2013-12-15,15.5,86.25,2.55,1015.125
2013-12-16,15.25,89.5,1.1625,1015.625
2013-12-17,14.75,92.875,0.925,1014.25
2013-12-18,14.875,93,2.0875,1012.625
2013-12-19,16.125,89.125,3.25,1012.875
2013-12-20,15.375,91.375,4.4125,1016
2013-12-21,14.75,94,0.4625,1017
2013-12-22,15.25,94,1.3875,1018.375
2013-12-23,14.25,88.25,9.025,1020.5
2013-12-24,13.5,84.75,5.7875,1021.375
2013-12-25,13.6666666666667,63.1666666666667,34.4875,1020.625
2013-12-26,12.125,67.625,4.4,1019.25
2013-12-27,11.875,79.875,1.1625,1018.625
2013-12-28,10.875,70,5.325,1019.25
2013-12-29,10.5714285714286,69.4285714285714,5.325,1018.5
2013-12-30,12.375,79.5,6.475,1018.125
2013-12-31,14.5,89.375,4.8625,1020.5
2014-01-01,13.375,89.625,7.65,1021
2014-01-02,11,78.375,8.1,1020.25
2014-01-03,12.5,74.875,5.325,1017.75
2014-01-04,12.875,88.125,1.1625,1016.25
2014-01-05,12.375,89,0.4625,1014.5
2014-01-06,11.4285714285714,86.2857142857143,27.3375,1017.625
2014-01-07,12.1428571428571,72.2857142857143,20.6,1017.75
2014-01-08,11.875,76.875,1.85,1017.875
2014-01-09,12.8333333333333,83,1.23333333333333,1017
2014-01-10,12.375,85.375,0,1016.625
2014-01-11,12.125,82.625,6.725,1019.625
2014-01-12,12.875,80.875,3.25,1020.75
2014-01-13,14,72.375,1.1625,1019.375
2014-01-14,14.875,76.75,2.7875,1017
2014-01-15,12,93.5,0.4625,1019.75
2014-01-16,12.2857142857143,90.5714285714286,1.58571428571429,1019.57142857143
2014-01-17,12,95.75,1.1625,1017.625
2014-01-18,12.5,94.25,1.85,1020.25
2014-01-19,14.5,84.5,3.475,1023
2014-01-20,14.625,83.5,4.4125,1021.375
2014-01-21,13.5714285714286,96.8571428571429,7.17142857142857,1020.57142857143
2014-01-22,15.25,96.125,6.7125,1019.875
2014-01-23,15.625,90.125,6.7125,1020.25
2014-01-24,13.875,88.875,8.1125,1019.25
2014-01-25,11.75,95.625,8.3375,1019.75
2014-01-26,14.375,85.75,8.8125,1019.125
2014-01-27,16.625,72.375,9.95,1018.75
2014-01-28,16.625,69.875,7.4125,1016.75
2014-01-29,14.875,81.875,4.625,1018.625
2014-01-30,14.5,83.25,0.925,1019.375
2014-01-31,14.75,82.5,3.0125,1019.25
2014-02-01,14,79.375,2.55,1019.75
2014-02-02,15.25,76.125,1.85,1016.875
2014-02-03,18.4285714285714,63.8571428571429,12.2875,1014.125
2014-02-04,18.8571428571429,65.4285714285714,13.425,1011
2014-02-05,17,72.75,1.625,1011.5
2014-02-06,18.5,65.375,6.0125,1010.875
2014-02-07,19.625,67.25,15.05,1009.25
2014-02-08,13.625,85.375,8.1125,1011.375
2014-02-09,12.875,63.375,9.2625,1012
2014-02-10,12.625,61.75,3.7,1012.5
2014-02-11,13.375,64.625,3.7,1013.5
2014-02-12,13.25,67,9.2625,1013.5
2014-02-13,15.25,64.5,4.875,1013.625
2014-02-14,13,95.5,5.3375,1011.875
2014-02-15,12.375,89.5,3.9375,1012.875
2014-02-16,13.5,79,8.7875,1016
2014-02-17,15.125,66.125,12.725,1017.75
2014-02-18,15.25,60.125,8.8,1017.375
2014-02-19,15.125,75.375,1.85,1016.625
2014-02-20,16.125,78.625,1.8625,1014.75
2014-02-21,17.125,72.25,8.7875,1014.25
2014-02-22,16.625,85.625,6.25,1017.375
2014-02-23,16.5,80,7.8875,1019.375
2014-02-24,16.375,69.375,5.3375,1018.625
2014-02-25,18.125,69,0.925,1017.25
2014-02-26,18.75,71.125,2.0875,1014.25
2014-02-27,18.625,76.625,7.175,1013.125
2014-02-28,15.625,88.375,5.8,1013.125
2014-03-01,16.1428571428571,87.2857142857143,4.24285714285714,1015.28571428571
2014-03-02,16.125,79,5.7875,1017.125
2014-03-03,17.875,65.625,3.7,1016.25
2014-03-04,18.75,66.375,3.7125,1016.5
2014-03-05,18.875,67,5.325,1016.125
2014-03-06,18.375,64,4.6375,1016.375
2014-03-07,18.5,62.875,6.7125,1017.125
2014-03-08,19.875,63.875,9.9625,1017
2014-03-09,22,56.625,7.65,1014.5
2014-03-10,20,63.875,10.8875,1014.375
2014-03-11,20.7142857142857,70,15.6,1013.71428571429
2014-03-12,20,68.875,6.4875,1016.25
2014-03-13,19,60.625,9.95,1016.25
2014-03-14,19.625,61.25,5.8,1015
2014-03-15,21.625,62.625,2.7875,1016.375
2014-03-16,23.125,58.5,6.25,1015.375
2014-03-17,26.25,52.125,6.7125,1011.25
2014-03-18,24.8571428571429,53.4285714285714,9.8,1012.85714285714
2014-03-19,21.75,57.375,10.1875,1013.25
2014-03-20,21.5,55,7.4,1010.75
2014-03-21,22.5,64.75,5.3375,1007.125
2014-03-22,25,59.5,3.0125,1007
2014-03-23,22.75,61.875,9.025,1010.625
2014-03-24,22.375,73.125,9.4875,1011.625
2014-03-25,24.625,60.25,2.775,1010.5
2014-03-26,25.125,58.875,2.775,1010.625
2014-03-27,23.5,63.25,4.8875,1011.75
2014-03-28,24.4285714285714,67.5714285714286,4.5,1011.14285714286
2014-03-29,25.875,55.625,8.35,1011.25
2014-03-30,24.125,46.75,13.9,1009.875
2014-03-31,24.125,44.125,13.2,1008.25
2014-04-01,24.875,45.75,9.7125,1006.125
2014-04-02,26.75,43.375,7.175,1005.75
2014-04-03,25,48,10.425,1010.375
2014-04-04,25.8571428571429,47.8571428571429,11.9142857142857,1009.85714285714
2014-04-05,27.375,44,9.2625,1008.875
2014-04-06,30.125,45.25,6.7125,1007.5
2014-04-07,27.25,47.625,12.9625,1009.625
2014-04-08,25.75,41.875,12.725,1010.375
2014-04-09,25.75,35.25,12.7375,1010.25
2014-04-10,26.375,29.25,12.5,1010.875
2014-04-11,28.1428571428571,29,10.0571428571429,1008.57142857143
2014-04-12,29.125,39.875,5.1,1007.125
2014-04-13,26.875,40.375,15.5125,1009.625
2014-04-14,27.625,46.625,5.35,1010.625
2014-04-15,29,48.125,2.55,1009.125
2014-04-16,27.125,53.625,4.4,1008.25
2014-04-17,26.375,49.625,9.25,1007
2014-04-18,24.25,64.375,14.3375,1011.625
2014-04-19,25.625,57.875,5.1,1011.375
2014-04-20,27,48,4.6375,1010.5
2014-04-21,28,33.125,8.8125,1010
2014-04-22,29.375,29.375,12.5,1011.75
2014-04-23,29.125,37,6.025,1009
2014-04-24,29.375,35.875,7.875,1005.875
2014-04-25,30.625,34.375,8.1125,1006.125
2014-04-26,31.5,32,8.1125,1006.375
2014-04-27,30.625,30,8.35,1007.125
2014-04-28,31.5,27.875,10.1875,1005.625
2014-04-29,32.125,28.875,8.325,1003.875
2014-04-30,33.25,25.5,5.3375,1003.75
2014-05-01,34.875,22.5,9.7375,1001.5
2014-05-02,34.375,24.75,6.4875,1001.875
2014-05-03,31.75,33.375,6.475,1003.625
2014-05-04,31.875,34.375,5.8,1003
2014-05-05,29.75,53.25,9.0375,1005.75
2014-05-06,29.5714285714286,51.1428571428572,6.88571428571429,1006.85714285714
2014-05-07,31.75,48.625,1.85,1004.25
2014-05-08,31.375,43,10.6625,1002.625
2014-05-09,30.5,39.625,6.4875,1000.42857142857
2014-05-10,30,37.625,7.8875,1000.75
2014-05-11,29.625,40.375,7.65,1004
2014-05-12,28,53.375,10.8875,1004.875
2014-05-13,25.25,65.75,9.9625,1008.375
2014-05-14,26.875,55.25,8.575,1006.5
2014-05-15,29.5,39.875,11.125,1004.25
2014-05-16,31.125,40.25,9.4875,1003.5
2014-05-17,29.875,47.625,7.175,1007
2014-05-18,31.5,35.375,13.9,1007.375
2014-05-19,32.375,29.5,11.575,1006.625
2014-05-20,31.125,34,7.6375,1006.625
2014-05-21,33,32.5,9.7125,1002.125
2014-05-22,33.25,33.375,11.1125,999.5
2014-05-23,34.625,32.75,19.45,1000
2014-05-24,31.5,50.5,6.725,1004.125
2014-05-25,31.5,43.25,16.4375,1005.5
2014-05-26,30.125,54.125,4.175,1007.125
2014-05-27,31.875,49.75,2.55,1004.75
2014-05-28,33.625,44.5,3.95,1001.25
2014-05-29,35.25,40.125,4.4,999.375
2014-05-30,33.125,44.5,11.5875,999.571428571429
2014-05-31,34.625,39,6.4875,999.625
2014-06-01,32.75,34.25,16.2,1003.25
2014-06-02,32.75,41.375,4.6375,1003.25
2014-06-03,34.875,33.625,6.4875,1000
2014-06-04,35.25,33.125,7.1875,998.125
2014-06-05,36.875,26.875,8.5625,996.125
2014-06-06,37.5,27.625,10.2,994.875
2014-06-07,38.5,22.75,13.1875,994
2014-06-08,37.625,26.25,6.725,993.125
2014-06-09,37.875,32.125,6.025,993.125
2014-06-10,37.25,20.875,12.0375,994.75
2014-06-11,37.625,23.125,14.8125,995.625
2014-06-12,32.875,39.25,24.325,997
2014-06-13,30.25,55.125,16.6625,997.625
2014-06-14,30.5,66.875,6.4875,997.375
2014-06-15,33.875,52,8.1,997.125
2014-06-16,36.375,41.375,10.8875,995.625
2014-06-17,36.875,42.125,15.9625,994.125
2014-06-18,33.875,58,10.425,994.25
2014-06-19,35.75,47.875,10.8875,993.25
2014-06-20,38,36.125,17.825,991.375
2014-06-21,36.875,40.125,9.7375,993.875
2014-06-22,34.5,46.75,4.4,996.375
2014-06-23,32.125,49.75,6.7125,996.25
2014-06-24,33,46.25,10.1875,995.5
2014-06-25,32.25,53.25,13.2,997.625
2014-06-26,32.5,60.375,3.2375,1001
2014-06-27,34.75,48.5,9.4875,1001.625
2014-06-28,34.875,49,5.7875,999.375
2014-06-29,33,57.75,9.7125,997.75
2014-06-30,32,67.75,3.25,997.5
2014-07-01,31.375,65.125,6.25,1000.875
2014-07-02,29.5,71.375,5.7875,1001.125
2014-07-03,28.875,75.125,5.0875,998.285714285714
2014-07-04,31.3888888888889,69,4.33333333333333,998.777777777778
2014-07-05,34.7058823529412,52.0588235294118,9.20294117647059,1000.70588235294
2014-07-06,30.625,61.125,3.7125,1000.5
2014-07-07,34,48.75,5.5625,998.25
2014-07-08,35,39.5,9.725,996.875
2014-07-09,36,37.125,13.65,996.5
2014-07-10,36.125,38.75,11.3375,996.875
2014-07-11,36.625,38.625,8.7875,996.125
2014-07-12,35.875,51.375,5.3375,996
2014-07-13,31.625,69.75,6.025,998
2014-07-14,32.375,67.875,6.725,997.125
2014-07-15,33.125,62.625,8.825,996
2014-07-16,32.625,63,10.45,997.25
2014-07-17,30.75,74.25,6.725,996.125
2014-07-18,27.25,83.875,2.55,994.875
2014-07-19,29.875,71,6.25,995.125
2014-07-20,30.875,68.875,6.2625,996.75
2014-07-21,32.125,65.5,4.65,996
2014-07-22,31.625,69.75,7.175,997
2014-07-23,30.625,72.875,8.1125,997.75
2014-07-24,30.5,63.625,12.0375,998.714285714286
2014-07-25,30.75,63.25,9.9625,1000.75
2014-07-26,32.5,61.5,7.175,1001.875
2014-07-27,31.7142857142857,65.4285714285714,6.25,1001.875
2014-07-28,30,75.75,18.05,999.375
2014-07-29,30.25,69.875,5.7875,999.25
2014-07-30,31.875,65.75,4.175,999.571428571429
2014-07-31,32.5,65.75,7.425,999.625
2014-08-01,33.25,59.5,6.5,998
2014-08-02,30.125,77.75,0.925,997.125
2014-08-03,31.5,66.25,5.7875,995.375
2014-08-04,30.5,69.75,5.1,996.125
2014-08-05,29.75,77.5,1.85,997.5
2014-08-06,32.125,65,5.5625,996.875
2014-08-07,31.125,65.375,6.95,997
2014-08-08,31,67.875,6.0125,998.375
2014-08-09,29.2352941176471,80.4705882352941,6.65294117647059,1001.64705882353
2014-08-10,28.5,89.90625,5.225,1002.15625
2014-08-11,31.125,72.125,3.0125,999.875
2014-08-12,32.125,57.5,8.3375,998.75
2014-08-13,32.125,57.7142857142857,20.825,998.25
2014-08-14,30.375,57.5,18.5125,997.375
2014-08-15,31.125,54.875,14.5875,998.875
2014-08-16,30.4285714285714,59.8571428571429,8.35,1002.5
2014-08-17,31.375,53.875,7.1875,1003.25
2014-08-18,31.875,56.625,5.5625,1005.375
2014-08-19,33,52.4285714285714,6.88571428571429,1004.85714285714
2014-08-20,33.25,47.125,8.7875,1002.375
2014-08-21,32.5,43,10.8875,1001.25
2014-08-22,33,47.125,8.5625,1002.85714285714
2014-08-23,33.125,45.75,9.2625,1003.25
2014-08-24,33.125,46.25,11.35,1002.875
2014-08-25,33.875,46.625,7.875,1002.375
2014-08-26,34.125,40.25,9.9625,1001.375
2014-08-27,33.8571428571429,44.7142857142857,8.1125,1001.125
2014-08-28,29.625,67.75,6.725,1003.75
2014-08-29,30.375,69.25,3.7,1003.5
2014-08-30,28.625,78.125,4.1625,1002.625
2014-08-31,27.625,86.125,4.4125,1001.25
2014-09-01,29.4285714285714,65.8571428571429,15.5125,1001.125
2014-09-02,29.25,71,10.425,1001.875
2014-09-03,28.625,77.875,15.0375,1001.42857142857
2014-09-04,27.875,80.75,9.275,1000.375
2014-09-05,26.5,85.75,8.3375,1000.14285714286
2014-09-06,28.5,76.875,2.0875,1002.375
2014-09-07,31,67.625,1.4,1003.25
2014-09-08,31.25,66.375,3.475,1003.125
2014-09-09,31,70.125,1.85,1002.375
2014-09-10,28.75,77.5,4.875,1003.25
2014-09-11,26.5714285714286,85.7142857142857,17.825,1005.57142857143
2014-09-12,28.5,73,1.625,1005.125
2014-09-13,29.375,68.25,4.1625,1004
2014-09-14,29.125,65.5,6.7125,1004.25
2014-09-15,29.625,63.125,6.7125,1004.25
2014-09-16,30.625,65.125,6.25,1002.25
2014-09-17,30.625,61.875,7.4,1002.125
2014-09-18,30.5,62.375,6.7125,1003.875
2014-09-19,31,56.625,4.175,1003.5
2014-09-20,31.125,55.75,4.4,1002.875
2014-09-21,30.5,54.875,5.5625,1003.625
2014-09-22,30.625,50,13.4375,1004.5
2014-09-23,31,47,30.6857142857143,1004.28571428571
2014-09-24,29.625,53,8.1,1006.25
2014-09-25,30,52.5,9.725,1007.75
2014-09-26,30,52.5,5.7875,1008.125
2014-09-27,30.5,46.875,8.8,1009.25
2014-09-28,30.25,48.875,7.175,1009.625
2014-09-29,30.5,48.75,7.4125,1009.125
2014-09-30,30.625,50.125,6.7125,1009.625
2014-10-01,30.4285714285714,52.8571428571429,3.17142857142857,1010.42857142857
2014-10-02,30.375,53.375,2.7875,1009.125
2014-10-03,30.5,52.625,1.85,1008
2014-10-04,31,53.5,0,1008.5
2014-10-05,30.625,56.125,0,1010.375
2014-10-06,30.625,56.75,0,1010.125
2014-10-07,31,59.375,1.1625,1008.375
2014-10-08,28.75,52.75,3.7125,1009.875
2014-10-09,27.625,49.875,3.2375,1010.125
2014-10-10,27.125,57.375,3.2375,1008.75
2014-10-11,25.7142857142857,57.1428571428571,6.9375,1008.25
2014-10-12,26,58.625,0.4625,1008.375
2014-10-13,27.625,59.75,8.8,1009.875
2014-10-14,24.5,67.625,5.325,1010.875
2014-10-15,24.5,68,3.2625,1013.375
2014-10-16,23,58.875,4.8625,1014
2014-10-17,25,47.6666666666667,25.0125,1013.625
2014-10-18,24,56.1428571428572,21.3,1012.875
2014-10-19,23.75,57.75,4.1625,1012.625
2014-10-20,24.75,55.625,4.4,1013.125
2014-10-21,25.625,56.125,2.0875,1014.625
2014-10-22,25.75,64.875,0.4625,1014.5
2014-10-23,25.25,66,0.925,1012.75
2014-10-24,25.5,67.5,1.85,1011.75
2014-10-25,25.25,67.125,0.925,1012.375
2014-10-26,25.125,65.5,2.0875,1014.875
2014-10-27,24.875,62.875,1.8625,1013.75
2014-10-28,25.125,64.75,2.5625,1012
2014-10-29,24.75,65.75,1.625,1012.125
2014-10-30,23.875,61.375,1.85,1014.5
2014-10-31,23.375,58.25,3.7125,1013.625
2014-11-01,22.5,50.875,5.325,1014.125
2014-11-02,22.875,49.125,7.1875,1014.5
2014-11-03,23.375,52.75,4.1625,1013.5
2014-11-04,23.625,56.625,3.9375,1012.125
2014-11-05,22.75,56.25,4.625,1012.375
2014-11-06,23,56.25,6.25,1011.625
2014-11-07,24,66.125,2.3125,1012.875
2014-11-08,23.875,66.25,1.625,1014.625
2014-11-09,24.125,56.375,4.1625,1015.125
2014-11-10,21.375,52.125,3.475,1014
2014-11-11,19.25,55.125,2.325,1014.75
2014-11-12,19.625,52,2.3125,1015.875
2014-11-13,18.5,50.5,3.2375,1016.5
2014-11-14,18.375,43,7.4125,1016.375
2014-11-15,18.625,44.75,2.775,1014.875
2014-11-16,18.25,47.625,2.55,1015.375
2014-11-17,17.75,51.75,2.775,1016.125
2014-11-18,17.625,53,2.0875,1017.875
2014-11-19,17.5,58.125,1.1625,1016.5
2014-11-20,20.375,54.625,3.025,1013.375
2014-11-21,18.25,62.125,3.2375,1012.75
2014-11-22,19.875,58.875,1.625,1011.375
2014-11-23,17.125,57.375,1.3875,1014.625
2014-11-24,16.875,52.25,4.175,1016
2014-11-25,16.5,51.5,2.55,1014.875
2014-11-26,19.625,51,5.55,1009.875
2014-11-27,18.125,63.875,0,1011.75
2014-11-28,19.375,67.375,0,1012.5
2014-11-29,20.25,67.625,0,1012.375
2014-11-30,19.75,54.75,2.55,1014
2014-12-01,20,42.625,8.8,1013.75
2014-12-02,21.375,47.625,7.875,1012.75
2014-12-03,25,66.5714285714286,11.3714285714286,1007
2014-12-04,21.25,68.875,4.8625,1010.375
2014-12-05,17.75,59.875,2.55,1017.125
2014-12-06,18.25,48.875,4.8625,1016.375
2014-12-07,17.25,48.375,4.8625,1014.75
2014-12-08,17,49.875,2.775,1015
2014-12-09,15.2857142857143,67.5714285714286,0,1016.85714285714
2014-12-10,21.5,65.5,4.8625,1010.5
2014-12-11,19.625,70.5,3.25,1011.625
2014-12-12,17.5,65.625,0.4625,1014.375
2014-12-13,16,71.875,8.8,1016.125
2014-12-14,16.875,86.625,3.95,1014.5
2014-12-15,16.625,75.75,2.325,1016.125
2014-12-16,17.75,72.375,7.425,1017.375
2014-12-17,12.875,72.125,6.4875,1020.25
2014-12-18,11.75,79.75,3.0125,1021.375
2014-12-19,11.75,81.75,0.4625,1022.125
2014-12-20,11.25,77,5.8,1018.75
2014-12-21,9.5,79.125,0.925,1018
2014-12-22,9.375,85,1.3875,1017.125
2014-12-23,9.625,78.625,1.625,1017.875
2014-12-24,9.875,83,3.475,1021.25
2014-12-25,9.25,81.125,8.1,1020.125
2014-12-26,10.75,77,7.6375,1017.75
2014-12-27,10.375,69,2.775,1018.625
2014-12-28,9,86,0.7,1019.75
2014-12-29,11.125,72.625,1.3875,1017.25
2014-12-30,11.625,70.625,2.55,1014.625
2014-12-31,12.375,67.125,2.7875,1016.875
2015-01-01,14.75,72,0.925,1017.5
2015-01-02,14.875,96.625,3.0125,1017.875
2015-01-03,15.125,92,0.925,1017.375
2015-01-04,14.125,78.75,9.5125,1019.625
2015-01-05,14,69.375,15.05,1016
2015-01-06,12,79.875,4.4,1015.5
2015-01-07,9.625,86,3.9375,1016.625
2015-01-08,10,87.875,3.4875,1019.125
2015-01-09,10.625,80.625,1.625,1020.125
2015-01-10,11.125,73.125,4.4125,1018.875
2015-01-11,11,80.75,4.8625,1019.125
2015-01-12,10.625,79.5,0.925,1019.5
2015-01-13,12.25,77.875,4.875,1017.125
2015-01-14,12,82.25,5.1,1017.5
2015-01-15,12.375,79.125,0.925,1019.375
2015-01-16,13,78.125,4.6375,1019.25
2015-01-17,13.5,76.625,1.8625,1019.25
2015-01-18,13,73.875,2.55,1018.75
2015-01-19,13.75,78,1.85,1018.875
2015-01-20,13.375,74.375,7.1875,1020
2015-01-21,13.25,73.375,3.7,1021
2015-01-22,12.625,94.125,3.2375,1020.625
2015-01-23,14.625,85,1.1625,1020
2015-01-24,12.375,86.25,9.7375,1020.75
2015-01-25,13.25,77.75,4.1625,1020.375
2015-01-26,13.75,88.125,0.925,1019.875
2015-01-27,13.25,74.25,5.3375,1019.33333333333
2015-01-28,11.7142857142857,67,27.775,1018.25
2015-01-29,11.5,67.5,3.9375,1019.75
2015-01-30,12.75,56.125,12.0375,1020.375
2015-01-31,13.75,57.625,9.025,1017.875
2015-02-01,15,65.25,5.1,1017.75
2015-02-02,17.375,63.875,11.8125,1017.5
2015-02-03,16.75,71.25,7.175,1020.5
2015-02-04,14.625,81.125,9.25,1022
2015-02-05,14.625,62.875,7.4,1019.25
2015-02-06,15.125,62.625,3.0125,1019
2015-02-07,15.875,67.625,1.85,1017
2015-02-08,16.625,63.875,4.4125,1017.375
2015-02-09,16.875,63.5,5.55,1019.75
2015-02-10,15.75,64,4.625,1019.75
2015-02-11,16,66.625,1.85,1017.125
2015-02-12,15.5,69.625,6.025,1016.125
2015-02-13,17.25,59,6.725,1012.625
2015-02-14,19.375,63.125,4.1625,1009.625
2015-02-15,18.875,70.125,1.3875,1012.625
2015-02-16,20.625,71.25,10.425,1013.625
2015-02-17,21.1428571428571,72.5714285714286,5.02857142857143,1011.85714285714
2015-02-18,21.25,72.875,5.1,1011.75
2015-02-19,22.75,73.5,7.65,1012
2015-02-20,22.75,67.125,7.1875,1013.875
2015-02-21,21.875,63.5,11.3375,1014.125
2015-02-22,22.1428571428571,58.8571428571429,14.8125,1013.375
2015-02-23,21.5,74.375,3.025,1014.25
2015-02-24,22.875,72.375,6.0375,1010.625
2015-02-25,23.125,58.625,6.5,1008.5
2015-02-26,20,34.375,6.7125,1009.875
2015-02-27,19.25,43.125,5.8,1013
2015-02-28,21.25,45.5,6.95,1013
2015-03-01,17.375,92.75,14.8125,1011.125
2015-03-02,17.5,89.875,6.725,1012.5
2015-03-03,16.25,82.5,5.5625,1013.75
2015-03-04,16.75,69.25,6.7125,1014
2015-03-05,18.75,64,3.7,1015.75
2015-03-06,20,62.375,5.0875,1016.375
2015-03-07,18.375,80.375,4.175,1013.71428571429
2015-03-08,19.5,74.125,7.8875,1015.375
2015-03-09,18.125,54.25,12.2625,1021
2015-03-10,17.75,68.5,8.5625,1019.125
2015-03-11,18.25,69.875,6.025,1018.125
2015-03-12,20.5,63.375,5.325,1017
2015-03-13,21.375,65.25,4.175,1014.75
2015-03-14,21.5,64.625,7.875,1015.125
2015-03-15,17.625,89.125,11.575,1015.5
2015-03-16,19.8571428571429,81.8571428571429,8.5625,1017.375
2015-03-17,20.875,70.375,13.2,1015.875
2015-03-18,20.25,69.625,12.2625,1013.5
2015-03-19,21.125,66,5.3375,1014.875
2015-03-20,22.5,65.75,9.025,1014.875
2015-03-21,24.875,60.5,5.7875,1014.875
2015-03-22,25.125,64,10.2,1012
2015-03-23,24.75,65.75,7.6375,1010
2015-03-24,25.75,65.5,1.3875,1010.25
2015-03-25,26.625,65.625,2.55,1011.85714285714
2015-03-26,28.5,54.375,9.2625,1013
2015-03-27,27.375,51.375,7.65,1012
2015-03-28,27,53.625,3.7125,1009.625
2015-03-29,25,52.75,13.1875,1008.625
2015-03-30,23.5,66.25,14.8125,1010.375
2015-03-31,25.25,64.875,3.7,1010.14285714286
2015-04-01,26.4285714285714,59.7142857142857,6.7125,1007.5
2015-04-02,28.7142857142857,45.2857142857143,10.175,1004.625
2015-04-03,24.5,71.125,6.9625,1004.75
2015-04-04,21,77.5,1.3875,1005.25
2015-04-05,23.5714285714286,67.7142857142857,17.6,1007.75
2015-04-06,25,60.125,2.775,1007.75
2015-04-07,23.75,62.125,9.7375,1010.25
2015-04-08,25.625,50.375,6.7125,1012
2015-04-09,26,52.875,9.0375,1010.5
2015-04-10,27.125,52.25,6.25,1008.5
2015-04-11,28.25,44.875,8.1,1008.375
2015-04-12,24.375,63,5.325,1012.375
2015-04-13,24.75,70.875,6.95,1013.75
2015-04-14,26.25,62.75,3.0125,1012.75
2015-04-15,27.625,59.25,5.7875,1012.875
2015-04-16,25.25,58.25,8.1125,1013.875
2015-04-17,28.125,48.75,8.3375,1007.125
2015-04-18,30.125,44.5,5.5625,1002.375
2015-04-19,32.125,41,4.175,1003.875
2015-04-20,32.875,37.875,7.1875,1005.75
2015-04-21,31.75,28.5,11.1125,1005.625
2015-04-22,30.75,30.25,11.35,1003.125
2015-04-23,30.75,33,8.1,1004
2015-04-24,31.125,39.5,2.55,1004.375
2015-04-25,30.5,43.125,12.975,1005.875
2015-04-26,28.75,51.125,15.7375,1008
2015-04-27,30.125,53,17.5875,1006.75
2015-04-28,31,48.25,12.5125,1004.5
2015-04-29,31.25,47.25,9.025,1005
2015-04-30,32.625,44.75,15.05,1004
2015-05-01,31.25,43.5,5.3375,1005.875
2015-05-02,30.125,40.25,4.4,1006.25
2015-05-03,31,39.25,3.0125,1006.625
2015-05-04,30.875,39.25,3.9375,1006.625
2015-05-05,32.125,31.125,7.65,1003.875
2015-05-06,34.125,22,11.3625,1001.875
2015-05-07,35.4285714285714,13.4285714285714,15.3428571428571,1003.57142857143
2015-05-08,34.125,22.375,12.275,1003.25
2015-05-09,35.125,27,8.3375,1001.625
2015-05-10,35.125,25,6.9625,1001.375
2015-05-11,34,32.625,10.8875,1003.625
2015-05-12,33.125,46,6.0375,1004.875
2015-05-13,27.75,61,6.7125,1006.125
2015-05-14,29.625,49.625,4.4125,1007.25
2015-05-15,28.5,52.125,7.175,1006.5
2015-05-16,30,51.625,4.1625,1003.25
2015-05-17,33.25,40.375,8.35,1001.125
2015-05-18,35.375,35.75,5.5625,1000
2015-05-19,31.5,44,14.8125,1002.125
2015-05-20,33.125,31.625,14.6,1002
2015-05-21,35.625,24.625,11.3375,1000.375
2015-05-22,36.25,19.5,12.5125,998.125
2015-05-23,37.375,21.75,12.725,996.125
2015-05-24,36,29.25,5.1,997.375
2015-05-25,37.75,22.25,10.875,996.875
2015-05-26,35.25,26.625,17.125,1001.5
2015-05-27,33.75,20.5,6.7125,1001.25
2015-05-28,34.75,29.5,8.3375,1000.625
2015-05-29,35.125,27.25,8.125,1001.625
2015-05-30,32.25,38.75,12.2625,1003.875
2015-05-31,34.25,25,14.5875,1001.75
2015-06-01,29.375,41.75,12.5125,1003.25
2015-06-02,31.625,39.25,8.575,1003.5
2015-06-03,28.625,50.5,6.725,1004.625
2015-06-04,31.875,48.375,4.8625,1004
2015-06-05,32.625,39.875,6.0125,1003.5
2015-06-06,33.375,39.75,7.8625,1001.375
2015-06-07,35,36.25,7.175,999.25
2015-06-08,36.5,33,6.25,998.875
2015-06-09,37.625,23.875,18.75,998.875
2015-06-10,36.625,32.2857142857143,18.05,999.625
2015-06-11,35.625,34.75,18.2875,1000
2015-06-12,35.875,34.625,12.7375,998.5
2015-06-13,31.125,48.125,10.1875,998.857142857143
2015-06-14,27,77.625,3.95,1000.28571428571
2015-06-15,31,60.75,3.0125,999.571428571429
2015-06-16,32.375,52.125,2.7875,999.142857142857
2015-06-17,33.875,49.75,3.25,998
2015-06-18,35.125,45.125,3.0125,997.625
2015-06-19,35.875,46.75,8.575,996.25
2015-06-20,33.125,48.5,12.975,997.875
2015-06-21,30.375,63.625,8.1125,998.125
2015-06-22,32.125,59.5,4.4,995.625
2015-06-23,31.5,61.625,6.0125,995
2015-06-24,37.25,63.875,6.5,995.375
2015-06-25,26.625,82.75,6.2625,994.75
2015-06-26,31.125,54.25,11.5625,995.25
2015-06-27,32.625,48.25,14.1125,997.125
2015-06-28,34.25,47.5,9.0375,1000.28571428571
2015-06-29,31.125,56.625,11.5625,1003.625
2015-06-30,30.875,58.625,9.9625,1002.625
2015-07-01,32,53.25,4.175,1001.875
2015-07-02,33.75,45.875,6.95,1001.125
2015-07-03,33,49,14.35,999.625
2015-07-04,34.125,51.5,16.9,997.5
2015-07-05,35.7142857142857,47.2857142857143,14.0142857142857,995.428571428571
2015-07-06,27.875,83.25,9.275,997.875
2015-07-07,28.125,86.125,1.85,998.125
2015-07-08,31.25,72,2.775,998.625
2015-07-09,29.625,77.25,2.55,998.625
2015-07-10,26.625,92.125,6.025,998.75
2015-07-11,25.5,98,3.2375,999.333333333333
2015-07-12,25.5,94.75,7.425,998.625
2015-07-13,29.875,73.125,4.8625,1000.625
2015-07-14,30.875,67.875,10.875,997.857142857143
2015-07-15,33.375,52.875,17.1375,993.75
2015-07-16,31.75,61.375,13.4375,994.75
2015-07-17,30.75,75.625,4.4,997.25
2015-07-18,29.5,78.875,4.175,998
2015-07-19,30.125,70,0.7,997.625
2015-07-20,29.125,78,4.8625,999.125
2015-07-21,31.375,69.25,8.125,1000
2015-07-22,32.25,64.125,7.875,1001.125
2015-07-23,32.125,64.875,8.575,1001.75
2015-07-24,32,64.75,6.7125,1001
2015-07-25,30.8571428571429,71,19.9125,998.571428571429
2015-07-26,30,71.625,16.8875,998.875
2015-07-27,29.625,69,11.3375,1000.28571428571
2015-07-28,29.5,61,11.5875,1000.125
2015-07-29,28.5,68.125,10.875,998
2015-07-30,29,67.75,9.9625,998.875
2015-07-31,29,71,4.175,999.75
2015-08-01,28.25,71.75,0.925,1002.75
2015-08-02,29.625,69.5,2.55,1003.625
2015-08-03,31.5,58.625,5.325,1001.875
2015-08-04,29.4285714285714,77.7857142857143,4.77142857142857,1000.07142857143
2015-08-05,29.59375,79.65625,8.221875,1000.28125
2015-08-06,29.5,79.125,3.025,998
2015-08-07,29.25,83,2.3125,1000
2015-08-08,28.875,84.875,1.625,1002
2015-08-09,27.375,90.125,3.0125,1000.25
2015-08-10,30.375,77,0,1000
2015-08-11,28.375,86.625,0.4625,1003
2015-08-12,30.75,74.25,0,1003.125
2015-08-13,32,69.5,0.4625,1001.875
2015-08-14,30.875,72.625,3.475,1002
2015-08-15,28.5,85.5,0,1002.75
2015-08-16,28.625,82.625,1.85,1002.875
2015-08-17,30.75,72.625,0.7,1001.375
2015-08-18,29.125,72.875,4.875,1002.57142857143
2015-08-19,31.25,61.25,33.325,1002.375
2015-08-20,30.75,58.625,14.6,1001.375
2015-08-21,29.375,72,8.575,1002
2015-08-22,30.25,65.375,5.8,1000.875
2015-08-23,29.875,69.375,5.5625,1000.85714285714
2015-08-24,30.75,65.625,7.1875,1001.75
2015-08-25,32,57.2857142857143,10.0714285714286,1001
2015-08-26,32,61,4.8625,1001.125
2015-08-27,32.5,61,5.325,1002
2015-08-28,32,63.5,2.3125,1002.25
2015-08-29,32.25,58,5.8125,1001.375
2015-08-30,32.625,56.5,9.275,1001.375
2015-08-31,31.8571428571429,54.4285714285714,13.4857142857143,1001.83333333333
2015-09-01,32.125,47.625,15.275,1000.85714285714
2015-09-02,31.875,45.625,12.7375,1001.75
2015-09-03,31.625,49.125,10.1875,1005.5
2015-09-04,32,42.625,11.35,1007.875
2015-09-05,30.875,47.25,7.6375,1007.125
2015-09-06,31.25,41.8,7.6375,1006.25
2015-09-07,31.5,46.375,9.4875,1005.75
2015-09-08,31.625,47,11.8125,1005.5
2015-09-09,31,47.875,10.1875,1005.625
2015-09-10,31.25,46.5,8.575,1006.75
2015-09-11,30.75,49.75,6.0125,1006.25
2015-09-12,32.1428571428571,54.4285714285714,3.17142857142857,1006
2015-09-13,32.125,55.25,1.3875,1005.875
2015-09-14,31.875,54.375,2.55,1003.625
2015-09-15,33,55,0.4625,1003.25
2015-09-16,32.375,55,1.4,1003.625
2015-09-17,31.375,58.375,1.1625,1004.375
2015-09-18,31,67.625,7.4125,1005.125
2015-09-19,30.625,74.25,2.0875,1003.625
2015-09-20,29.1428571428571,69.1428571428571,5.55714285714286,1002.85714285714
2015-09-21,30.125,64.5,5.8,1002.5
2015-09-22,30.25,64.375,10.1875,1002.5
2015-09-23,28.625,61.25,13.675,1006.375
2015-09-24,28.25,52.375,11.575,1004.625
2015-09-25,28.5,49.375,8.575,1003.75
2015-09-26,29.25,53.5,6.25,1005.25
2015-09-27,28.7142857142857,58.1428571428572,2.91428571428571,1007
2015-09-28,28.25,58.5,3.9375,1009
2015-09-29,29,54.5714285714286,9.52857142857143,1010.57142857143
2015-09-30,29,46.875,8.3375,1011.375
2015-10-01,28.125,51.25,5.575,1012
2015-10-02,28.2857142857143,53.7142857142857,14.5875,1010.75
2015-10-03,30,52.3333333333333,18.7857142857143,1008.71428571429
2015-10-04,29,54.375,3.025,1008.125
2015-10-05,28.875,59.375,1.3875,1009.25
2015-10-06,28.375,61.125,4.6375,1009
2015-10-07,28.625,65.75,6.475,1009.125
2015-10-08,28.375,65.125,4.4125,1007.5
2015-10-09,28.5,59.75,6.025,1004.25
2015-10-10,28.5,54.625,6.7125,1005
2015-10-11,28.5714285714286,51.5714285714286,6.88571428571429,1008.71428571429
2015-10-12,29.25,54.125,3.25,1010
2015-10-13,29.5,62.875,3.725,1011
2015-10-14,28.125,63.625,4.875,1013.25
2015-10-15,27.5,66,0.4625,1013.5
2015-10-16,27.875,62.625,0.925,1013.5
2015-10-17,28,63.75,3.7125,1012.25
2015-10-18,26.8571428571429,71.7142857142857,11.1125,1013.125
2015-10-19,28.1428571428571,66.2857142857143,3.45714285714286,1011.71428571429
2015-10-20,27.7142857142857,64.8571428571429,2.91428571428571,1009.85714285714
2015-10-21,26.5,62.125,2.0875,1011.875
2015-10-22,24.75,56,4.4,1012.25
2015-10-23,24,51.625,4.8625,1011.875
2015-10-24,24.875,53.25,1.4,1011.625
2015-10-25,26.375,47.125,5.575,1012.75
2015-10-26,25.625,52.125,5.575,1014.875
2015-10-27,24.75,54.25,3.475,1013.875
2015-10-28,20.875,57.25,7.875,1015.875
2015-10-29,22.125,63.5,1.85,1016.875
2015-10-30,22.375,67.25,1.625,1016.375
2015-10-31,22.375,69.375,1.1625,1016.125
2015-11-01,22.875,70.5,0.925,1016.25
2015-11-02,23.375,71.375,0.4625,1015.875
2015-11-03,24,67.875,0.475,1014.25
2015-11-04,23.75,69,0.925,1012.25
2015-11-05,22.125,75.25,5.1,1012.375
2015-11-06,22.875,74.375,2.325,1012.75
2015-11-07,21.875,74.875,1.1625,1014.625
2015-11-08,21.875,70.25,1.8625,1015.875
2015-11-09,21.75,73.625,0.7,1015
2015-11-10,22.75,72.625,0.7,1013.5
2015-11-11,21.875,59.5,4.6375,1014.375
2015-11-12,21.875,60.5,5.7875,1015.375
2015-11-13,22.375,59.375,5.325,1014.875
2015-11-14,22.375,59.625,3.475,1012
2015-11-15,22.5,62,0,1012
2015-11-16,21.875,50.375,2.7875,1012.625
2015-11-17,19.875,48.375,5.1,1013.5
2015-11-18,18.5,57.625,4.4,1016.375
2015-11-19,18.5,64.75,0.925,1017.5
2015-11-20,18.5,66,0.4625,1016.125
2015-11-21,18.75,67.625,1.3875,1015.5
2015-11-22,18.625,64.875,0.4625,1015.125
2015-11-23,17,73.5,0,1015.875
2015-11-24,18.5,63,1.625,1016
2015-11-25,19.375,56.375,5.7875,1014.75
2015-11-26,20,59.5,0.925,1012.75
2015-11-27,18.5,66.25,2.55,1011.25
2015-11-28,18.75,82.125,1.1625,1015.375
2015-11-29,18.125,81.25,1.1625,1018
2015-11-30,19.5,82.375,0.925,1016.75
2015-12-01,19.25,78.75,1.625,1014.75
2015-12-02,18.125,72.125,2.0875,1016.125
2015-12-03,17.625,70.25,7.1875,1016
2015-12-04,17.625,67.5,4.6375,1015
2015-12-05,17.5,72.375,0.925,1015.875
2015-12-06,17.125,75.875,1.4,1016.5
2015-12-07,17.625,76.875,2.3125,1017.25
2015-12-08,18.4285714285714,71.2857142857143,1.05714285714286,1015.71428571429
2015-12-09,18.375,78.125,3.475,1015.25
2015-12-10,19,77.25,2.0875,1011.75
2015-12-11,17.25,77.875,5.1,1011.375
2015-12-12,13.25,91,4.4,1014.25
2015-12-13,12.875,67,3.475,1016.5
2015-12-14,13.25,63.625,7.4,1017
2015-12-15,13.125,63.875,5.325,1016.5
2015-12-16,13,65.5,1.1625,1016.375
2015-12-17,12.25,73.625,0.925,1016.875
2015-12-18,12.875,71.25,4.4,1018.625
2015-12-19,12.375,71.875,3.4875,1019
2015-12-20,11.75,70.25,1.1625,1018.5
2015-12-21,12.625,74.75,1.3875,1018.875
2015-12-22,12,79.875,0.7,1020.875
2015-12-23,12.5,81.375,3.4875,1020.625
2015-12-24,11.25,68.625,6.025,1021.25
2015-12-25,11.5,66.125,5.5625,1022
2015-12-26,12.75,64.5,6.4875,1021.125
2015-12-27,15.375,63.25,7.8875,1020.625
2015-12-28,17.125,58.125,10.8875,1020.875
2015-12-29,16.375,65,7.4125,1018.125
2015-12-30,15.5,71.75,2.1,1017.5
2015-12-31,15,71.375,2.0875,1020.5
2016-01-01,14.7142857142857,72.2857142857143,1.05714285714286,1021.14285714286
2016-01-02,14,75.875,2.0875,1021
2016-01-03,14.375,74.75,5.1125,1018.5
2016-01-04,15.75,77.125,0,1017.625
2016-01-05,15.8333333333333,88.8333333333333,0.616666666666667,1017
2016-01-06,17.375,81.625,2.3125,1016.5
2016-01-07,17.125,87,0,1018.125
2016-01-08,15.5,83.25,7.8875,1017.25
2016-01-09,15.8571428571429,65.1428571428571,8.47142857142857,1015.42857142857
2016-01-10,15.625,74.375,2.775,1017.5
2016-01-11,15.75,74.875,1.625,1017.5
2016-01-12,18,69.6875,6.03125,1014.9375
2016-01-13,18.2666666666667,75.8,5.08,1014.33333333333
2016-01-14,15.5625,80.4375,4.3,1016.125
2016-01-15,13,84.1875,10.775,1017
2016-01-16,13.6,80.0666666666667,11.24,1014.6
2016-01-17,14,77.6666666666667,2.10666666666667,1016.2
2016-01-18,13.2666666666667,80.4666666666667,1.48,1014.73333333333
2016-01-19,12.3571428571429,88.5714285714286,4.65,1015.28571428571
2016-01-20,12.0666666666667,84.2,6.19333333333333,1018.66666666667
2016-01-21,12.1875,73.1875,7.8875,1020.1875
2016-01-22,11.7333333333333,83.4,3.58666666666667,1019.46666666667
2016-01-23,14.4375,75.875,3.25,1019.8125
2016-01-24,11.1875,86.25,6.625,1019.0625
2016-01-25,11.6666666666667,75.4,4.58,1017.2
2016-01-26,14.5625,79.6875,2.55,1015.375
2016-01-27,17.5833333333333,69.1666666666667,4.025,1014.16666666667
2016-01-28,16.8571428571429,69.3571428571429,5.02857142857143,1015.07142857143
2016-01-29,19.5625,70.625,2.54375,1017.375
2016-01-30,20.1428571428571,78.5,1.2,1014.5
2016-01-31,17.375,78.25,7.7625,1016
2016-02-01,15.8461538461538,65.7692307692308,7.26923076923077,1017.15384615385
2016-02-02,15.2666666666667,55.8666666666667,8.89333333333333,1018.2
2016-02-03,13.125,66.5,7.62222222222222,1018
2016-02-04,16.3636363636364,53,6.94166666666667,1017.33333333333
2016-02-05,12.6666666666667,70.6666666666667,2.16666666666667,1016.83333333333
2016-02-06,15.3333333333333,69.5,3.7,1013.33333333333
2016-02-07,15.625,77,2.7875,1015.75
2016-02-08,17.0909090909091,67.1818181818182,5.9,1017.09090909091
2016-02-09,17.7692307692308,67.4615384615385,5.84615384615385,1014.69230769231
2016-02-10,18.1333333333333,64.8666666666667,2.1,1012.73333333333
2016-02-11,19.6875,54.75,6.03125,1011.25
2016-02-12,19.2,57.8666666666667,0.746666666666667,1012.53333333333
2016-02-13,17.0666666666667,62.1333333333333,5.80666666666667,1014.86666666667
2016-02-14,17.6428571428571,61.9285714285714,8.07142857142857,1017.21428571429
2016-02-15,17.6,59.5333333333333,5.94,1018.73333333333
2016-02-16,18.2142857142857,56.1428571428572,5.43571428571429,1020.07142857143
2016-02-17,18.7142857142857,59.2857142857143,3.70714285714286,1019.14285714286
2016-02-18,19.4666666666667,76,5.18666666666667,1017.4
2016-02-19,23.1538461538462,70.2307692307692,4.14615384615385,1014.61538461538
2016-02-20,23.625,73.125,11.11875,1014.125
2016-02-21,21,61.125,17.1375,1014.75
2016-02-22,21,51.4285714285714,15.2071428571429,1014.42857142857
2016-02-23,21.4285714285714,50.6428571428572,9.78571428571429,1012.5
2016-02-24,21.6875,58.0625,2.44375,1012.9375
2016-02-25,22.5625,57.5,5.3375,1015.5
2016-02-26,22.8,55.6,2.48,1018.4
2016-02-27,22.8,59,3.33333333333333,1018.46666666667
2016-02-28,23,63.0625,3.7125,1018.9375
2016-02-29,23.875,63.9375,3.7125,1018.625
2016-03-01,24.9166666666667,57.4166666666667,1.7,1015
2016-03-02,24.9333333333333,57.0666666666667,1.73333333333333,1015.4
2016-03-03,26,55.6153846153846,4.29230769230769,1014.61538461538
2016-03-04,27.3125,44.25,6.14375,1012.6875
2016-03-05,23.9333333333333,57.1333333333333,11,1012.66666666667
2016-03-06,22.8125,66.5625,5.21875,1013.0625
2016-03-07,23.7142857142857,64.1428571428571,5.17142857142857,1012.35714285714
2016-03-08,23.4285714285714,60.2142857142857,6.74285714285714,1011.64285714286
2016-03-09,24,57.5625,9.375,1012.0625
2016-03-10,25.5625,57.4375,7.98125,1013.1875
2016-03-11,25.0666666666667,67.8,6.54666666666667,1012.53333333333
2016-03-12,24.5625,66.9375,9.4875,1009.5625
2016-03-13,24.25,65.1875,6.84375,1011.1875
2016-03-14,22.375,66,6.275,1014.3125
2016-03-15,24.0666666666667,58.9333333333333,8.64666666666667,1014.86666666667
2016-03-16,23.9375,53.75,10.88125,1012.8125
2016-03-17,26.3125,50.3125,6.84375,1010.4375
2016-03-18,26.1875,61.25,6.7125,1009.8125
2016-03-19,26.7857142857143,61.8571428571429,3.57857142857143,1009.21428571429
2016-03-20,27.1333333333333,58.7333333333333,2.84666666666667,1010.33333333333
2016-03-21,26.625,43.375,12.2625,1011.125
2016-03-22,25.0625,37.875,22.1,1009.375
2016-03-23,26.2,43.2666666666667,10.6416666666667,1010
2016-03-24,28.1333333333333,46.8666666666667,3.21333333333333,1013.33333333333
2016-03-25,29.875,50.1875,3.36875,1013.1875
2016-03-26,24.6666666666667,62.6666666666667,9.39333333333333,1013.6
2016-03-27,26.25,53.6875,9.15625,1012.8125
2016-03-28,25.9333333333333,52.8,6.54666666666667,7679.33333333333
2016-03-29,27.125,47.75,7.29375,1011.3125
2016-03-30,29.5714285714286,39.7857142857143,7.02142857142857,1011.14285714286
2016-03-31,30,39.7333333333333,4.33333333333333,1009.2
2016-04-01,30.5714285714286,38.2142857142857,12.0357142857143,1006.71428571429
2016-04-02,32.3125,38.5625,5.4625,1008
2016-04-03,33.3125,44.25,2.55,1008.375
2016-04-04,32.8125,33.125,8,1006.6875
2016-04-05,32.3125,29.3125,9.26875,1007
2016-04-06,31.375,33.125,3.475,1006.875
2016-04-07,29.9333333333333,37,10.85,1007.26666666667
2016-04-08,29.2666666666667,36,4.68666666666667,1009.2
2016-04-09,30.7333333333333,32.4666666666667,12.61875,1009.3125
2016-04-10,32.25,29,5.225,1008.8125
2016-04-11,29.8,35,16.04,1009.4
2016-04-12,30.2,36.2,19.38,1006.33333333333
2016-04-13,31.75,28.0625,18.64375,1003.3125
2016-04-14,33.125,23.875,10.425,1003.8125
2016-04-15,33.625,25.375,9.8375,1004.625
2016-04-16,35.6875,23.6875,11.1125,1003.0625
2016-04-17,34.6666666666667,23.8666666666667,9.38666666666667,1002.66666666667
2016-04-18,34.625,30.125,7.175,1004.6875
2016-04-19,34,33.6,4.56666666666667,1005.86666666667
2016-04-20,34.0625,25.9375,14.01875,1006.4375
2016-04-21,34,24.6666666666667,15.75,1003.4
2016-04-22,33.25,24.25,8.35,1001.72727272727
2016-04-23,31.9166666666667,21.8181818181818,19.6538461538462,1001.84615384615
2016-04-24,31.3125,22.125,10.1875,1003.0625
2016-04-25,31.75,22.8125,6.95,1005.5625
2016-04-26,33.4375,25.1875,3.83125,1007.1875
2016-04-27,33.125,29.0625,4.98125,1005.6875
2016-04-28,34.1538461538462,21.7692307692308,11.8230769230769,1004.69230769231
2016-04-29,34.0714285714286,23.2857142857143,9.12307692307692,1005.71428571429
2016-04-30,33.0625,25.5625,5.2125,1004.8125
2016-05-01,34.6875,23.375,8.575,1002.4375
2016-05-02,38,18.4666666666667,9.51333333333333,1002.2
2016-05-03,35.5,30.375,6.49375,1004.3125
2016-05-04,33.7142857142857,31.8571428571429,10.4642857142857,1003.78571428571
2016-05-05,30.6,42,11.2466666666667,1007.46666666667
2016-05-06,31.4375,37.4375,8.225,1007
2016-05-07,33.3125,37.1875,4.65,1005.5625
2016-05-08,35.1333333333333,36.3333333333333,7.29333333333333,1005.93333333333
2016-05-09,33.5333333333333,40.6,18.425,1006.0625
2016-05-10,34,39.75,10.55625,1006.5625
2016-05-11,32.5,49.9375,7.775,1006.0625
2016-05-12,35.375,40,5.1,1002.25
2016-05-13,37.2941176470588,28.1176470588235,8.07058823529412,1001.35294117647
2016-05-14,36.5625,31.875,4.16875,1003.125
2016-05-15,37.25,29.5,4.75,1003.5625
2016-05-16,37.2142857142857,23.5,9.02,1000.8
2016-05-17,37.5,25.8125,9.6125,998.9375
2016-05-18,37.75,27.625,8.45,997.8125
2016-05-19,37.375,40.5,9.3875,998.625
2016-05-20,37.4,44.2,8.41333333333333,996.933333333333
2016-05-21,36.1333333333333,45.4,10.8733333333333,995.933333333333
2016-05-22,36.8,44.8,6.55333333333333,996.466666666667
2016-05-23,32.2142857142857,47.9285714285714,14.95,999.571428571429
2016-05-24,31.5263157894737,53.5263157894737,8.49473684210526,1000.73684210526
2016-05-25,33.2173913043478,46.6086956521739,10.1608695652174,997.478260869565
2016-05-26,35.2692307692308,44.5769230769231,15.1769230769231,999.153846153846
2016-05-27,38.2727272727273,26.0909090909091,15.3181818181818,999.954545454546
2016-05-28,36.0625,37.25,14.4055555555556,999.833333333333
2016-05-29,31.5,57.0625,11.68125,1001.25
2016-05-30,26.8125,74.8125,9.4875,1003.8125
2016-05-31,32.6428571428571,51.2142857142857,7.40714285714286,1002.30769230769
2016-06-01,36,42.2,9.13333333333333,1002.73333333333
2016-06-02,37.5625,35.3125,11.93125,1002
2016-06-03,37.5625,40.6875,2.78125,1002.25
2016-06-04,38.2,42.0666666666667,3.20666666666667,1001.86666666667
2016-06-05,36.1666666666667,51.75,8.5,1002.83333333333
2016-06-06,35.4285714285714,45.7142857142857,11,1001.57142857143
2016-06-07,34.625,59.1875,21.30625,1002.0625
2016-06-08,36.0714285714286,44.6428571428571,8.48571428571428,999.214285714286
2016-06-09,35.7333333333333,43.7333333333333,9.26,938.066666666667
2016-06-10,36.1333333333333,41.8666666666667,10.08125,998.25
2016-06-11,33.4375,49.9375,8.8125,999
2016-06-12,35.5,37.125,9.1625,998.8125
2016-06-13,36,43.3125,12.85,998.1875
2016-06-14,32.625,55.125,11.86,997.8125
2016-06-15,34.7333333333333,48.8666666666667,10.5133333333333,996.133333333333
2016-06-16,33.5,51.2857142857143,11.3928571428571,999
2016-06-17,34.1875,52.25,7.425,999.428571428571
2016-06-18,35.8571428571429,50.5714285714286,10.8571428571429,1000.85714285714
2016-06-19,35.625,53.25,9.3875,1001.375
2016-06-20,30.9375,73.9375,7.64375,1000.6875
2016-06-21,32.875,62.1875,8.91875,999.9375
2016-06-22,33.125,60.8125,7.41875,1001.5625
2016-06-23,33.8461538461538,51.6153846153846,5.875,999.692307692308
2016-06-24,36.4375,46.5625,7.7625,998.3125
2016-06-25,35.4285714285714,55.9285714285714,9.66428571428571,1000.07142857143
2016-06-26,34.8666666666667,57.4666666666667,7.66,1000.375
2016-06-27,34.3125,61.25,7.99375,998.866666666667
2016-06-28,30.7857142857143,75.0714285714286,5.43571428571429,1001.5
2016-06-29,35.375,58.875,8.45,1001.1875
2016-06-30,35.4666666666667,60.2,6.79333333333333,997.866666666667
2016-07-01,32.125,73.4,8.35,1002.5625
2016-07-02,28.4,80,5.23125,998.375
2016-07-03,29.5625,78.125,1.96875,998.25
2016-07-04,30.6875,76.3125,3.48125,997.125
2016-07-05,33.25,68.6875,5.3375,995.5625
2016-07-06,33.2666666666667,64.0666666666667,8.87857142857143,996.866666666667
2016-07-07,33.5,63,5.91875,997.6875
2016-07-08,30.8,75.8666666666667,5.43333333333333,997.4
2016-07-09,33.25,66.0625,6.73125,996.75
2016-07-10,32.5625,65.6875,4.7,996.0625
2016-07-11,31.5,71.9375,8.04666666666667,997.75
2016-07-12,30.5,80.1875,5.5625,999.0625
2016-07-13,31.25,76.3125,6.80666666666667,998.4375
2016-07-14,30.4375,80.4375,5.21875,998.375
2016-07-15,31,78.0625,7.27142857142857,998.625
2016-07-16,27.125,93.875,4.37142857142857,999.875
2016-07-17,28.125,86.5625,6.6,1001.33333333333
2016-07-18,27.6666666666667,91.2666666666667,7.65333333333333,1000.8
2016-07-19,32.3125,69.125,13.65625,999.875
2016-07-20,34.1875,59.5625,12.9625,999.625
2016-07-21,34.1333333333333,56.8666666666667,11.48,999.266666666667
2016-07-22,34.125,56.125,8.6875,999.333333333333
2016-07-23,31.875,66,7.76875,1001.625
2016-07-24,31.4375,72.25,2.43125,946.3125
2016-07-25,31.9375,69.125,2.9125,1001.875
2016-07-26,30.3125,82,6.48571428571429,1003.125
2016-07-27,28.3125,88.25,4.29375,1004.625
2016-07-28,29.5333333333333,81.3333333333333,5.18666666666667,1002.06666666667
2016-07-29,27.375,92.4375,2.43125,1000.9375
2016-07-30,27.3333333333333,92.2666666666667,1.86,1001.2
2016-07-31,29.2666666666667,83.1333333333333,4.7,1000.66666666667
2016-08-01,29.125,84.25,5.9125,999.125
2016-08-02,30.6875,72.125,6.375,310.4375
2016-08-03,32.5625,63.5625,5.45,998.5
2016-08-04,33.1111111111111,63.8888888888889,7.92777777777778,998.777777777778
2016-08-05,33.8,61.6666666666667,4.32,999.333333333333
2016-08-06,30.0666666666667,76,6.92666666666667,1000.8
2016-08-07,33.1176470588235,65.1764705882353,7.85294117647059,1000.52941176471
2016-08-08,33.8095238095238,62.3809523809524,9.44090909090909,999.636363636364
2016-08-09,31.6153846153846,71.6538461538462,9.55,998.5
2016-08-10,32,71.2592592592593,10.1592592592593,999.37037037037
2016-08-11,28.1071428571429,89.4642857142857,7.82142857142857,1001.60714285714
2016-08-12,29.0357142857143,85,3.84814814814815,1002.28571428571
2016-08-13,30.3214285714286,77.0714285714286,3.22962962962963,1001.07142857143
2016-08-14,28.9333333333333,83.7,6.37,633.9
2016-08-15,31.6785714285714,67.6428571428571,12.725,999.285714285714
2016-08-16,31.3333333333333,66.4166666666667,14.6666666666667,-3.04166666666667
2016-08-17,29.9285714285714,72.5,6.325,999.518518518519
2016-08-18,29.8888888888889,79.8148148148148,1.72222222222222,999.923076923077
2016-08-19,32.0714285714286,68.2857142857143,1.91785714285714,999.892857142857
2016-08-20,33.1851851851852,66.4814814814815,10.3666666666667,1000.16
2016-08-21,31.5925925925926,68.0740740740741,10.0222222222222,1001.19230769231
2016-08-22,32.1851851851852,65.5555555555556,8.23703703703704,1002.88888888889
2016-08-23,31.48,70.08,6.084,1003.24
2016-08-24,30.1785714285714,79.2857142857143,8.41923076923077,1002.5
2016-08-25,31.52,72.44,6.27692307692308,1004.42307692308
2016-08-26,31.2222222222222,73.8148148148148,4.39259259259259,1005.22222222222
2016-08-27,31.7857142857143,70.2857142857143,7.15,1006.14285714286
2016-08-28,33.4,66.24,7.272,1006.2
2016-08-29,29.5714285714286,82.3214285714286,5.825,1003.60714285714
2016-08-30,30.04,76.8,8.90384615384615,1002.19230769231
2016-08-31,27.2592592592593,89.5555555555556,6.72962962962963,1003.03703703704
2016-09-01,27.96,87.24,4.148,1002.44
2016-09-02,30.7391304347826,71.7391304347826,13.204347826087,1001.27272727273
2016-09-03,30.8947368421053,62.6842105263158,13.2631578947368,1001.15789473684
2016-09-04,31.6923076923077,59.3076923076923,11.1230769230769,1002.92307692308
2016-09-05,31.0769230769231,60.3076923076923,13.9615384615385,1003.23076923077
2016-09-06,30.375,55,13.4375,1003.75
2016-09-07,31.1,57.7,9.1,1003.45454545455
2016-09-08,31.9166666666667,58,10.8083333333333,1005.16666666667
2016-09-09,30.5555555555556,56.6666666666667,11.5222222222222,1004.33333333333
2016-09-10,31.2307692307692,58.2307692307692,11.9692307692308,1005.23076923077
2016-09-11,31,56.4,8.15,1003.8
2016-09-12,31.6428571428571,55.5,10.85,1005.07142857143
2016-09-13,32.5333333333333,57.0666666666667,8.52666666666667,1006.4
2016-09-14,30.8571428571429,70.3571428571429,4.23571428571429,1006.92857142857
2016-09-15,31.7272727272727,59.6363636363636,11.9,1004.75
2016-09-16,31.4,58,3.52,1004.4
2016-09-17,32.3076923076923,58,2.70769230769231,1003.15384615385
2016-09-18,32.25,58.8333333333333,17.9083333333333,1005
2016-09-19,32.375,59.4583333333333,2.0875,1004.70833333333
2016-09-20,33.4444444444444,54.0740740740741,2.56923076923077,1003.51851851852
2016-09-21,33.36,58.96,6.092,1005.4
2016-09-22,30.037037037037,67.6296296296296,8.1074074074074,1008.77777777778
2016-09-23,31,66.1071428571429,3.57142857142857,1005.32142857143
2016-09-24,31.24,66.48,5.49615384615385,1352.61538461538
2016-09-25,31.1304347826087,62.304347826087,3.14782608695652,1004.78260869565
2016-09-26,31.48,60.88,2.98695652173913,1006.76
2016-09-27,32.1851851851852,57.8148148148148,1.78076923076923,1006.7037037037
2016-09-28,32.44,55.28,2.52,1005.28
2016-09-29,32.2272727272727,61.3181818181818,3.96363636363636,1005.59090909091
2016-09-30,32.2142857142857,59.3571428571429,2.58214285714286,1005.57142857143
2016-10-01,32.5416666666667,61.9166666666667,3.17083333333333,1007.5
2016-10-02,32.8148148148148,61.8148148148148,4.12222222222222,1009.11111111111
2016-10-03,33.2692307692308,59.5769230769231,3.99259259259259,1007.18518518519
2016-10-04,30.5555555555556,69.8148148148148,5.77037037037037,1005.37037037037
2016-10-05,28.8333333333333,71.875,3.325,1005.25
2016-10-06,30.7037037037037,64.8148148148148,3.23333333333333,1007.14814814815
2016-10-07,30.96,59.96,15.825,1007.2
2016-10-08,30.6,57.96,8.76153846153846,1006.84615384615
2016-10-09,30.92,59.2,3.184,1005.96
2016-10-10,29.7777777777778,51.1111111111111,4.80740740740741,1006.14814814815
2016-10-11,29.6666666666667,51.1481481481482,8.92222222222222,1006.59259259259
2016-10-12,29.5714285714286,47.2857142857143,11.3714285714286,1006.25
2016-10-13,29.962962962963,44,13.0222222222222,1008.33333333333
2016-10-14,29.75,47.875,8.93478260869565,1009.125
2016-10-15,27.7407407407407,54.1481481481481,6.66296296296296,1010.51851851852
2016-10-16,28.4285714285714,49.8571428571429,7.01428571428572,1011.85714285714
2016-10-17,28.6,49.24,7.116,1010.56
2016-10-18,28.5,48.4583333333333,7.66818181818182,1009.45833333333
2016-10-19,28.9259259259259,49.1851851851852,6.45925925925926,1008.55555555556
2016-10-20,29.0769230769231,47.7307692307692,9.124,1007.53846153846
2016-10-21,28.4090909090909,50.4090909090909,10.6954545454545,1008.72727272727
2016-10-22,29.3333333333333,49.4814814814815,13.3230769230769,1009.37037037037
2016-10-23,27.5,54.9615384615385,11.5461538461538,1009.30769230769
2016-10-24,28.5,51.4230769230769,11.1884615384615,1008.26923076923
2016-10-25,28.04,54.56,12.3884615384615,1008.92307692308
2016-10-26,27.5769230769231,56.1923076923077,5.7,1011.73076923077
2016-10-27,26.5555555555556,59.3703703703704,6.04444444444444,1014.62962962963
2016-10-28,25.5185185185185,58.7777777777778,7.27777777777778,1012.40740740741
2016-10-29,25.8148148148148,62.7777777777778,1.71481481481481,1013
2016-10-30,24.8260869565217,71.0434782608696,2.01304347826087,1014.60869565217
2016-10-31,24.5384615384615,66.8076923076923,1.64230769230769,1017.80769230769
2016-11-01,24.3846153846154,58.7307692307692,2.71538461538462,1016.38461538462
2016-11-02,23.7272727272727,65.9090909090909,1.43181818181818,1016.59090909091
2016-11-03,25.64,59.76,2.232,1016.24
2016-11-04,24.8148148148148,58.2962962962963,4.12222222222222,1012.62962962963
2016-11-05,23.1153846153846,66.5769230769231,5.78461538461538,1010.34615384615
2016-11-06,22.9259259259259,63.8518518518519,2.41111111111111,1011.51851851852
2016-11-07,24.5454545454545,51.3181818181818,8.17272727272727,1012.77272727273
2016-11-08,23.7307692307692,52.2692307692308,12.75,1013.64
2016-11-09,23,49.7037037037037,7.07407407407407,1014.66666666667
2016-11-10,23.5185185185185,50.1481481481481,3.22592592592593,1013.81481481481
2016-11-11,23.92,54.04,2.968,1014.08
2016-11-12,23.5384615384615,58.0384615384615,2.78461538461539,1015.15384615385
2016-11-13,24.2962962962963,55.8148148148148,4.4,1016.51851851852
2016-11-14,23.3461538461538,60.7307692307692,1.49615384615385,1015.73076923077
2016-11-15,22.24,55.72,4.088,1016.24
2016-11-16,21.7692307692308,53.2307692307692,7.13846153846154,1017.53846153846
2016-11-17,21.7307692307692,51.7307692307692,11.55,1350.2962962963
2016-11-18,21.7307692307692,53.6153846153846,7.78,1014.69230769231
2016-11-19,20.6666666666667,60.6666666666667,2.84,1012.46666666667
2016-11-20,22.25,59.9,2.505,1013.35
2016-11-21,21.5384615384615,60.4615384615385,2.71538461538462,1013
2016-11-22,22.578947368421,50.1578947368421,8,1012.89473684211
2016-11-23,22.8260869565217,51.4347826086957,6.60434782608696,1013.17391304348
2016-11-24,21.4210526315789,51.4736842105263,8.28947368421053,1014.94736842105
2016-11-25,23.6,30.55,15.085,1012.95
2016-11-26,24.2941176470588,32.6470588235294,14.4941176470588,1013.25
2016-11-27,23.6363636363636,33.6363636363636,12.4590909090909,1013.59090909091
2016-11-28,22.4545454545455,37.3181818181818,9.18571428571429,12.0454545454545
2016-11-29,21.6111111111111,53.7222222222222,1.23888888888889,1015
2016-11-30,19.8695652173913,80.0869565217391,4.26956521739131,1016.60869565217
2016-12-01,19.75,84,2.70416666666667,1016.875
2016-12-02,19.2083333333333,75.875,4.94583333333333,1017.75
2016-12-03,21.2083333333333,52.1666666666667,5.86666666666667,1019.33333333333
2016-12-04,18.9,55.25,5.66666666666667,1019.7
2016-12-05,18.6363636363636,56.5909090909091,4.95238095238095,1017.04545454545
2016-12-06,18.5384615384615,69.9230769230769,2.50384615384615,1017.96153846154
2016-12-07,18.25,74.35,0.925,1017.42105263158
2016-12-08,16.9,73.3,1.765,1016.2
2016-12-09,19.4166666666667,68.125,1.3125,1013.41666666667
2016-12-10,16.4444444444444,82.8333333333333,5.35555555555556,1014
2016-12-11,20.0416666666667,69.5833333333333,4.71666666666667,1013.29166666667
2016-12-12,19.9090909090909,63.8636363636364,3.28181818181818,1014.18181818182
2016-12-13,19.05,62.35,3.43,1015.1
2016-12-14,18.5555555555556,58.6111111111111,8.02777777777778,1017.33333333333
2016-12-15,18.1666666666667,56.625,9.87916666666667,1016.66666666667
2016-12-16,15.8333333333333,63.2777777777778,3.91666666666667,1018.77777777778
2016-12-17,17.5,63.3888888888889,6.73157894736842,1016.94736842105
2016-12-18,16.0833333333333,64.5416666666667,6.42083333333333,1018.08333333333
2016-12-19,17.8571428571429,56.0952380952381,10.4142857142857,1017.42857142857
2016-12-20,19.8,48.5333333333333,15.9266666666667,1015.2
2016-12-21,18.05,54.3,19.4047619047619,1015.61904761905
2016-12-22,17.2857142857143,57.8571428571429,6.18095238095238,1016.14285714286
2016-12-23,15.55,74.7,1.205,1014.25
2016-12-24,17.3181818181818,78.6363636363636,5.23636363636364,1011.31818181818
2016-12-25,14,94.3,9.085,1014.35
2016-12-26,17.1428571428571,74.8571428571429,8.78421052631579,1016.95238095238
2016-12-27,16.85,67.55,8.335,1017.2
2016-12-28,17.2173913043478,68.0434782608696,3.54782608695652,1015.5652173913
2016-12-29,15.2380952380952,87.8571428571429,6,1016.90476190476
2016-12-30,14.0952380952381,89.6666666666667,6.26666666666667,1017.90476190476
2016-12-31,15.0526315789474,87,7.325,1016.1
2017-01-01,10,100,0,1016
