date,value,GPD_per_capita,eu_prod_index
1/1/14,1594771.57,52900.53742,96.9
1/2/14,1082414.814,52900.53742,96.9
1/3/14,1071807.297,52900.53742,96.9
1/4/14,1189234.511,52900.53742,96.9
1/5/14,1185445.242,52900.53742,96.9
1/6/14,951906.013,52900.53742,96.9
1/7/14,914993.4956,52900.53742,96.9
1/8/14,857426.051,52900.53742,96.9
1/9/14,788643.3415,52900.53742,96.9
1/10/14,865114.626,52900.53742,96.9
1/11/14,981349.3229,52900.53742,96.9
1/12/14,986851.9026,52900.53742,96.9
1/13/14,762728.8669,52900.53742,96.9
1/14/14,716678.8327,52900.53742,96.9
1/15/14,768733.7195,52900.53742,96.9
1/16/14,744050.902,52900.53742,96.9
1/17/14,901330.462,52900.53742,96.9
1/18/14,1043785.349,52900.53742,96.9
1/19/14,1037622.499,52900.53742,96.9
1/20/14,802308.7898,52900.53742,96.9
1/21/14,779600.6411,52900.53742,96.9
1/22/14,740286.6392,52900.53742,96.9
1/23/14,747474.0672,52900.53742,96.9
1/24/14,891153.4337,52900.53742,96.9
1/25/14,1011519.729,52900.53742,96.9
1/26/14,982960.5413,52900.53742,96.9
1/27/14,786152.0099,52900.53742,96.9
1/28/14,823862.5721,52900.53742,96.9
1/29/14,744935.5572,52900.53742,96.9
1/30/14,760638.3292,52900.53742,96.9
1/31/14,903476.3925,52900.53742,96.9
2/1/14,1079241.597,52900.53742,97.6
2/2/14,1032766.14,52900.53742,97.6
2/3/14,820210.1875,52900.53742,97.6
2/4/14,768145.9098,52900.53742,97.6
2/5/14,786964.7463,52900.53742,97.6
2/6/14,822075.942,52900.53742,97.6
2/7/14,924618.0835,52900.53742,97.6
2/8/14,1068610.231,52900.53742,97.6
2/9/14,1037679.156,52900.53742,97.6
2/10/14,812743.3909,52900.53742,97.6
2/11/14,803861.9203,52900.53742,97.6
2/12/14,781955.7008,52900.53742,97.6
2/13/14,786460.7483,52900.53742,97.6
2/14/14,909897.8029,52900.53742,97.6
2/15/14,968339.612,52900.53742,97.6
2/16/14,1070670.425,52900.53742,97.6
2/17/14,790330.6466,52900.53742,97.6
2/18/14,769054.1729,52900.53742,97.6
2/19/14,803578.0191,52900.53742,97.6
2/20/14,795999.8603,52900.53742,97.6
2/21/14,904118.3121,52900.53742,97.6
2/22/14,1073275.309,52900.53742,97.6
2/23/14,989172.6495,52900.53742,97.6
2/24/14,834119.7778,52900.53742,97.6
2/25/14,801455.6928,52900.53742,97.6
2/26/14,832152.8256,52900.53742,97.6
2/27/14,781375.7162,52900.53742,97.6
2/28/14,919629.1322,52900.53742,97.6
3/1/14,1079578.355,52900.53742,97
3/2/14,1074372.264,52900.53742,97
3/3/14,802551.9921,52900.53742,97
3/4/14,837440.726,52900.53742,97
3/5/14,757224.8867,52900.53742,97
3/6/14,821825.0309,52900.53742,97
3/7/14,899136.1158,52900.53742,97
3/8/14,1032296.569,52900.53742,97
3/9/14,1028105.123,52900.53742,97
3/10/14,785798.3862,52900.53742,97
3/11/14,874192.218,52900.53742,97
3/12/14,797834.4878,52900.53742,97
3/13/14,757370.5315,52900.53742,97
3/14/14,898477.9975,52900.53742,97
3/15/14,1016295.521,52900.53742,97
3/16/14,1015200.442,52900.53742,97
3/17/14,801796.8509,52900.53742,97
3/18/14,791495.6466,52900.53742,97
3/19/14,784058.7737,52900.53742,97
3/20/14,846318.3077,52900.53742,97
3/21/14,925656.2486,52900.53742,97
3/22/14,1031323.43,52900.53742,97
3/23/14,1044658.14,52900.53742,97
3/24/14,802070.1171,52900.53742,97
3/25/14,807206.1622,52900.53742,97
3/26/14,799505.4803,52900.53742,97
3/27/14,813509.4966,52900.53742,97
3/28/14,935824.8336,52900.53742,97
3/29/14,1036149.194,52900.53742,97
3/30/14,1041726.478,52900.53742,97
3/31/14,837342.2878,52900.53742,97
4/1/14,804326.5545,52900.53742,98.6
4/2/14,788387.5792,52900.53742,98.6
4/3/14,818244.8181,52900.53742,98.6
4/4/14,948848.5786,52900.53742,98.6
4/5/14,1077929.161,52900.53742,98.6
4/6/14,952747.8731,52900.53742,98.6
4/7/14,831320.4555,52900.53742,98.6
4/8/14,795165.4421,52900.53742,98.6
4/9/14,765950.5011,52900.53742,98.6
4/10/14,758192.0856,52900.53742,98.6
4/11/14,939124.3308,52900.53742,98.6
4/12/14,1036788.978,52900.53742,98.6
4/13/14,1012020.055,52900.53742,98.6
4/14/14,784350.1261,52900.53742,98.6
4/15/14,787755.6343,52900.53742,98.6
4/16/14,805433.5663,52900.53742,98.6
4/17/14,768682.1354,52900.53742,98.6
4/18/14,952769.6813,52900.53742,98.6
4/19/14,1036400.607,52900.53742,98.6
4/20/14,1223182.49,52900.53742,98.6
4/21/14,965198.1282,52900.53742,98.6
4/22/14,1124831.576,52900.53742,98.6
4/23/14,1170479.986,52900.53742,98.6
4/24/14,1189029.875,52900.53742,98.6
4/25/14,1362720.269,52900.53742,98.6
4/26/14,1396168.827,52900.53742,98.6
4/27/14,1363555.296,52900.53742,98.6
4/28/14,992148.9927,52900.53742,98.6
4/29/14,996079.8363,52900.53742,98.6
4/30/14,1003835.321,52900.53742,98.6
5/1/14,1040257.334,52900.53742,97.8
5/2/14,1038611.884,52900.53742,97.8
5/3/14,1118707.745,52900.53742,97.8
5/4/14,1060819.053,52900.53742,97.8
5/5/14,732059.5482,52900.53742,97.8
5/6/14,843185.8907,52900.53742,97.8
5/7/14,806399.3618,52900.53742,97.8
5/8/14,859827.6423,52900.53742,97.8
5/9/14,982467.4849,52900.53742,97.8
5/10/14,1277320.476,52900.53742,97.8
5/11/14,1226616.594,52900.53742,97.8
5/12/14,858681.4913,52900.53742,97.8
5/13/14,855454.8636,52900.53742,97.8
5/14/14,828095.7733,52900.53742,97.8
5/15/14,734890.4161,52900.53742,97.8
5/16/14,877321.7841,52900.53742,97.8
5/17/14,1005335.166,52900.53742,97.8
5/18/14,972552.8517,52900.53742,97.8
5/19/14,754560.0853,52900.53742,97.8
5/20/14,726124.3762,52900.53742,97.8
5/21/14,736211.0645,52900.53742,97.8
5/22/14,735883.8621,52900.53742,97.8
5/23/14,838238.78,52900.53742,97.8
5/24/14,969115.4604,52900.53742,97.8
5/25/14,941701.944,52900.53742,97.8
5/26/14,740460.2159,52900.53742,97.8
5/27/14,758836.016,52900.53742,97.8
5/28/14,754429.2726,52900.53742,97.8
5/29/14,763256.1574,52900.53742,97.8
5/30/14,911314.3234,52900.53742,97.8
5/31/14,1094088.612,52900.53742,97.8
6/1/14,1149463.84,52900.53742,97.3
6/2/14,858615.856,52900.53742,97.3
6/3/14,877195.0788,52900.53742,97.3
6/4/14,845414.0252,52900.53742,97.3
6/5/14,784985.414,52900.53742,97.3
6/6/14,848006.9775,52900.53742,97.3
6/7/14,879843.9996,52900.53742,97.3
6/8/14,986751.944,52900.53742,97.3
6/9/14,798539.3726,52900.53742,97.3
6/10/14,822309.5955,52900.53742,97.3
6/11/14,918502.4191,52900.53742,97.3
6/12/14,981395.1816,52900.53742,97.3
6/13/14,1185262.145,52900.53742,97.3
6/14/14,1287521.122,52900.53742,97.3
6/15/14,1141825.975,52900.53742,97.3
6/16/14,844341.7753,52900.53742,97.3
6/17/14,800575.0487,52900.53742,97.3
6/18/14,768612.2802,52900.53742,97.3
6/19/14,744128.4048,52900.53742,97.3
6/20/14,829934.0408,52900.53742,97.3
6/21/14,920236.0534,52900.53742,97.3
6/22/14,898203.3434,52900.53742,97.3
6/23/14,721369.7734,52900.53742,97.3
6/24/14,730281.6062,52900.53742,97.3
6/25/14,688398.3366,52900.53742,97.3
6/26/14,705031.8246,52900.53742,97.3
6/27/14,848480.727,52900.53742,97.3
6/28/14,891545.2277,52900.53742,97.3
6/29/14,909979.5941,52900.53742,97.3
6/30/14,644300.4785,52900.53742,97.3
7/1/14,687779.5414,52900.53742,98.1
7/2/14,692808.3568,52900.53742,98.1
7/3/14,695709.0592,52900.53742,98.1
7/4/14,821830.5626,52900.53742,98.1
7/5/14,886231.2023,52900.53742,98.1
7/6/14,921212.5724,52900.53742,98.1
7/7/14,732341.2782,52900.53742,98.1
7/8/14,708915.559,52900.53742,98.1
7/9/14,659608.3893,52900.53742,98.1
7/10/14,727080.022,52900.53742,98.1
7/11/14,793553.4343,52900.53742,98.1
7/12/14,859200.9982,52900.53742,98.1
7/13/14,870018.5292,52900.53742,98.1
7/14/14,636106.6256,52900.53742,98.1
7/15/14,712098.4051,52900.53742,98.1
7/16/14,712077.8,52900.53742,98.1
7/17/14,696927.8392,52900.53742,98.1
7/18/14,785689.464,52900.53742,98.1
7/19/14,904451.871,52900.53742,98.1
7/20/14,870818.6988,52900.53742,98.1
7/21/14,666098.558,52900.53742,98.1
7/22/14,656235.6487,52900.53742,98.1
7/23/14,663166.8198,52900.53742,98.1
7/24/14,687282.2531,52900.53742,98.1
7/25/14,735388.0436,52900.53742,98.1
7/26/14,860961.1882,52900.53742,98.1
7/27/14,877161.3497,52900.53742,98.1
7/28/14,658726.8408,52900.53742,98.1
7/29/14,645022.4309,52900.53742,98.1
7/30/14,665365.4816,52900.53742,98.1
7/31/14,677201.8361,52900.53742,98.1
8/1/14,753400.3861,52900.53742,96.4
8/2/14,831183.1803,52900.53742,96.4
8/3/14,874164.5251,52900.53742,96.4
8/4/14,662755.513,52900.53742,96.4
8/5/14,664103.8325,52900.53742,96.4
8/6/14,678450.33,52900.53742,96.4
8/7/14,635005.9406,52900.53742,96.4
8/8/14,736839.7947,52900.53742,96.4
8/9/14,845792.2712,52900.53742,96.4
8/10/14,880544.4726,52900.53742,96.4
8/11/14,628905.901,52900.53742,96.4
8/12/14,665686.6253,52900.53742,96.4
8/13/14,619735.6527,52900.53742,96.4
8/14/14,653923.2334,52900.53742,96.4
8/15/14,734602.9609,52900.53742,96.4
8/16/14,857624.7776,52900.53742,96.4
8/17/14,801678.8146,52900.53742,96.4
8/18/14,631939.7916,52900.53742,96.4
8/19/14,626734.5029,52900.53742,96.4
8/20/14,684855.8094,52900.53742,96.4
8/21/14,659653.134,52900.53742,96.4
8/22/14,751616.3029,52900.53742,96.4
8/23/14,836900.2837,52900.53742,96.4
8/24/14,817686.3492,52900.53742,96.4
8/25/14,633466.8915,52900.53742,96.4
8/26/14,616102.1918,52900.53742,96.4
8/27/14,645762.5346,52900.53742,96.4
8/28/14,662981.9403,52900.53742,96.4
8/29/14,736696.7112,52900.53742,96.4
8/30/14,846833.8767,52900.53742,96.4
8/31/14,788458.1411,52900.53742,96.4
9/1/14,687580.152,52900.53742,97.4
9/2/14,634439.6665,52900.53742,97.4
9/3/14,618171.2055,52900.53742,97.4
9/4/14,637874.1561,52900.53742,97.4
9/5/14,717457.9263,52900.53742,97.4
9/6/14,848273.9985,52900.53742,97.4
9/7/14,833534.7832,52900.53742,97.4
9/8/14,624687.3252,52900.53742,97.4
9/9/14,646662.7996,52900.53742,97.4
9/10/14,673046.708,52900.53742,97.4
9/11/14,653421.6783,52900.53742,97.4
9/12/14,753609.2054,52900.53742,97.4
9/13/14,858097.8668,52900.53742,97.4
9/14/14,820283.3727,52900.53742,97.4
9/15/14,626076.4034,52900.53742,97.4
9/16/14,631722.753,52900.53742,97.4
9/17/14,665271.2371,52900.53742,97.4
9/18/14,643464.753,52900.53742,97.4
9/19/14,758086.2028,52900.53742,97.4
9/20/14,864920.216,52900.53742,97.4
9/21/14,837029.0661,52900.53742,97.4
9/22/14,619457.079,52900.53742,97.4
9/23/14,624217.1147,52900.53742,97.4
9/24/14,642763.5419,52900.53742,97.4
9/25/14,644482.9968,52900.53742,97.4
9/26/14,747809.641,52900.53742,97.4
9/27/14,909702.7482,52900.53742,97.4
9/28/14,847751.0997,52900.53742,97.4
9/29/14,652863.1166,52900.53742,97.4
9/30/14,612087.3942,52900.53742,97.4
10/1/14,630068.764,52900.53742,97.1
10/2/14,670846.6228,52900.53742,97.1
10/3/14,761217.6846,52900.53742,97.1
10/4/14,863227.5778,52900.53742,97.1
10/5/14,849729.1466,52900.53742,97.1
10/6/14,655679.6859,52900.53742,97.1
10/7/14,634997.5233,52900.53742,97.1
10/8/14,656036.9706,52900.53742,97.1
10/9/14,655721.1729,52900.53742,97.1
10/10/14,732848.8894,52900.53742,97.1
10/11/14,845252.8336,52900.53742,97.1
10/12/14,842828.6397,52900.53742,97.1
10/13/14,674454.0105,52900.53742,97.1
10/14/14,655625.1624,52900.53742,97.1
10/15/14,653805.0422,52900.53742,97.1
10/16/14,673501.3003,52900.53742,97.1
10/17/14,785076.9075,52900.53742,97.1
10/18/14,828818.0125,52900.53742,97.1
10/19/14,898437.3736,52900.53742,97.1
10/20/14,666738.294,52900.53742,97.1
10/21/14,644384.8857,52900.53742,97.1
10/22/14,647132.7701,52900.53742,97.1
10/23/14,666290.4787,52900.53742,97.1
10/24/14,758350.389,52900.53742,97.1
10/25/14,843611.1877,52900.53742,97.1
10/26/14,865972.7938,52900.53742,97.1
10/27/14,650525.2971,52900.53742,97.1
10/28/14,635307.1583,52900.53742,97.1
10/29/14,626953.0917,52900.53742,97.1
10/30/14,718993.9772,52900.53742,97.1
10/31/14,779093.3274,52900.53742,97.1
11/1/14,897476.7679,52900.53742,96.8
11/2/14,917975.3401,52900.53742,96.8
11/3/14,641158.6901,52900.53742,96.8
11/4/14,670170.9818,52900.53742,96.8
11/5/14,655382.0535,52900.53742,96.8
11/6/14,673084.6121,52900.53742,96.8
11/7/14,779265.5273,52900.53742,96.8
11/8/14,888952.5951,52900.53742,96.8
11/9/14,885488.4397,52900.53742,96.8
11/10/14,692048.0353,52900.53742,96.8
11/11/14,675881.7372,52900.53742,96.8
11/12/14,692033.8991,52900.53742,96.8
11/13/14,687231.7648,52900.53742,96.8
11/14/14,806001.7552,52900.53742,96.8
11/15/14,871277.7861,52900.53742,96.8
11/16/14,896026.7235,52900.53742,96.8
11/17/14,684697.0106,52900.53742,96.8
11/18/14,731118.8192,52900.53742,96.8
11/19/14,690130.4122,52900.53742,96.8
11/20/14,708381.9333,52900.53742,96.8
11/21/14,769303.9935,52900.53742,96.8
11/22/14,844673.7399,52900.53742,96.8
11/23/14,916475.8986,52900.53742,96.8
11/24/14,657096.7231,52900.53742,96.8
11/25/14,668718.6047,52900.53742,96.8
11/26/14,728890.4453,52900.53742,96.8
11/27/14,696703.4932,52900.53742,96.8
11/28/14,786554.421,52900.53742,96.8
11/29/14,938583.2898,52900.53742,96.8
11/30/14,934851.0639,52900.53742,96.8
12/1/14,741903.1214,52900.53742,98.1
12/2/14,742939.6855,52900.53742,98.1
12/3/14,717529.1856,52900.53742,98.1
12/4/14,684646.5598,52900.53742,98.1
12/5/14,809008.265,52900.53742,98.1
12/6/14,926579.6961,52900.53742,98.1
12/7/14,895554.2361,52900.53742,98.1
12/8/14,718823.4831,52900.53742,98.1
12/9/14,748169.2916,52900.53742,98.1
12/10/14,748091.7204,52900.53742,98.1
12/11/14,744937.5963,52900.53742,98.1
12/12/14,825534.3089,52900.53742,98.1
12/13/14,936206.2635,52900.53742,98.1
12/14/14,925515.824,52900.53742,98.1
12/15/14,706213.0418,52900.53742,98.1
12/16/14,773098.2174,52900.53742,98.1
12/17/14,762058.8391,52900.53742,98.1
12/18/14,721898.8522,52900.53742,98.1
12/19/14,850502.6606,52900.53742,98.1
12/20/14,956616.6397,52900.53742,98.1
12/21/14,1000467.313,52900.53742,98.1
12/22/14,739226.6064,52900.53742,98.1
12/23/14,749718.5418,52900.53742,98.1
12/24/14,786440.9091,52900.53742,98.1
12/25/14,849976.465,52900.53742,98.1
12/26/14,1222322.342,52900.53742,98.1
12/27/14,1720659.074,52900.53742,98.1
12/28/14,2415464.793,52900.53742,98.1
12/29/14,2308871.279,52900.53742,98.1
12/30/14,2235191.192,52900.53742,98.1
12/31/14,1950870.279,52900.53742,98.1
1/1/15,1333756.758,45193.40322,97.8
1/2/15,1145144.725,45193.40322,97.8
1/3/15,987985.9047,45193.40322,97.8
1/4/15,1015509.467,45193.40322,97.8
1/5/15,743032.1872,45193.40322,97.8
1/6/15,801504.9764,45193.40322,97.8
1/7/15,746808.9505,45193.40322,97.8
1/8/15,735650.8294,45193.40322,97.8
1/9/15,791569.9776,45193.40322,97.8
1/10/15,889035.3882,45193.40322,97.8
1/11/15,852006.4727,45193.40322,97.8
1/12/15,642977.674,45193.40322,97.8
1/13/15,663448.8678,45193.40322,97.8
1/14/15,632629.4562,45193.40322,97.8
1/15/15,656626.9615,45193.40322,97.8
1/16/15,750880.7707,45193.40322,97.8
1/17/15,864927.0234,45193.40322,97.8
1/18/15,899169.2624,45193.40322,97.8
1/19/15,673460.4697,45193.40322,97.8
1/20/15,651452.4672,45193.40322,97.8
1/21/15,628906.8427,45193.40322,97.8
1/22/15,639728.207,45193.40322,97.8
1/23/15,766401.1139,45193.40322,97.8
1/24/15,850657.7203,45193.40322,97.8
1/25/15,901954.3551,45193.40322,97.8
1/26/15,679441.7718,45193.40322,97.8
1/27/15,673777.5261,45193.40322,97.8
1/28/15,661417.9724,45193.40322,97.8
1/29/15,688990.8025,45193.40322,97.8
1/30/15,817635.2712,45193.40322,97.8
1/31/15,888171.8365,45193.40322,97.8
2/1/15,904591.3124,45193.40322,100.2
2/2/15,704033.542,45193.40322,100.2
2/3/15,713300.6554,45193.40322,100.2
2/4/15,687848.1884,45193.40322,100.2
2/5/15,685149.9353,45193.40322,100.2
2/6/15,788319.2815,45193.40322,100.2
2/7/15,938498.9744,45193.40322,100.2
2/8/15,949435.4328,45193.40322,100.2
2/9/15,705587.9092,45193.40322,100.2
2/10/15,756930.2038,45193.40322,100.2
2/11/15,685275.0317,45193.40322,100.2
2/12/15,722109.4994,45193.40322,100.2
2/13/15,802677.0346,45193.40322,100.2
2/14/15,920987.1175,45193.40322,100.2
2/15/15,881190.6967,45193.40322,100.2
2/16/15,692773.4374,45193.40322,100.2
2/17/15,685399.9675,45193.40322,100.2
2/18/15,737668.6605,45193.40322,100.2
2/19/15,687664.5308,45193.40322,100.2
2/20/15,804011.0965,45193.40322,100.2
2/21/15,920750.8119,45193.40322,100.2
2/22/15,948807.9961,45193.40322,100.2
2/23/15,724286.4049,45193.40322,100.2
2/24/15,667980.0278,45193.40322,100.2
2/25/15,726180.2483,45193.40322,100.2
2/26/15,681809.2403,45193.40322,100.2
2/27/15,778745.6952,45193.40322,100.2
2/28/15,890208.6064,45193.40322,100.2
3/1/15,964131.9315,45193.40322,100.7
3/2/15,710600.7115,45193.40322,100.7
3/3/15,722169.4898,45193.40322,100.7
3/4/15,713680.2976,45193.40322,100.7
3/5/15,720358.9508,45193.40322,100.7
3/6/15,861808.2332,45193.40322,100.7
3/7/15,922031.6098,45193.40322,100.7
3/8/15,922108.7355,45193.40322,100.7
3/9/15,699203.0596,45193.40322,100.7
3/10/15,704145.4829,45193.40322,100.7
3/11/15,712356.1682,45193.40322,100.7
3/12/15,693154.1565,45193.40322,100.7
3/13/15,831353.01,45193.40322,100.7
3/14/15,872082.2308,45193.40322,100.7
3/15/15,915991.273,45193.40322,100.7
3/16/15,732770.1389,45193.40322,100.7
3/17/15,697531.4974,45193.40322,100.7
3/18/15,742743.642,45193.40322,100.7
3/19/15,684437.3379,45193.40322,100.7
3/20/15,853972.2781,45193.40322,100.7
3/21/15,893792.1975,45193.40322,100.7
3/22/15,985703.7112,45193.40322,100.7
3/23/15,685363.3116,45193.40322,100.7
3/24/15,712612.6867,45193.40322,100.7
3/25/15,712092.4106,45193.40322,100.7
3/26/15,663448.0051,45193.40322,100.7
3/27/15,823140.845,45193.40322,100.7
3/28/15,927843.9857,45193.40322,100.7
3/29/15,908723.0611,45193.40322,100.7
3/30/15,732050.4042,45193.40322,100.7
3/31/15,706336.7973,45193.40322,100.7
4/1/15,708280.4328,45193.40322,99.8
4/2/15,686723.0826,45193.40322,99.8
4/3/15,784200.85,45193.40322,99.8
4/4/15,937829.7208,45193.40322,99.8
4/5/15,1040600.08,45193.40322,99.8
4/6/15,836262.5741,45193.40322,99.8
4/7/15,905867.33,45193.40322,99.8
4/8/15,1020388.445,45193.40322,99.8
4/9/15,1062434.676,45193.40322,99.8
4/10/15,1170907.497,45193.40322,99.8
4/11/15,1291286.514,45193.40322,99.8
4/12/15,1154771.948,45193.40322,99.8
4/13/15,760163.513,45193.40322,99.8
4/14/15,760327.352,45193.40322,99.8
4/15/15,709523.2578,45193.40322,99.8
4/16/15,725949.6536,45193.40322,99.8
4/17/15,783839.3551,45193.40322,99.8
4/18/15,900127.7517,45193.40322,99.8
4/19/15,866100.8448,45193.40322,99.8
4/20/15,664204.9834,45193.40322,99.8
4/21/15,705632.2678,45193.40322,99.8
4/22/15,664718.7136,45193.40322,99.8
4/23/15,703658.7251,45193.40322,99.8
4/24/15,805227.0456,45193.40322,99.8
4/25/15,855319.1351,45193.40322,99.8
4/26/15,872880.0955,45193.40322,99.8
4/27/15,673778.34,45193.40322,99.8
4/28/15,715786.7806,45193.40322,99.8
4/29/15,664192.5522,45193.40322,99.8
4/30/15,773241.2595,45193.40322,99.8
5/1/15,933056.3292,45193.40322,100
5/2/15,1060764.92,45193.40322,100
5/3/15,987182.464,45193.40322,100
5/4/15,715757.7857,45193.40322,100
5/5/15,702603.0592,45193.40322,100
5/6/15,700463.6241,45193.40322,100
5/7/15,724759.2709,45193.40322,100
5/8/15,853805.6076,45193.40322,100
5/9/15,1040806.944,45193.40322,100
5/10/15,1022860.531,45193.40322,100
5/11/15,778088.0766,45193.40322,100
5/12/15,720654.1881,45193.40322,100
5/13/15,695326.1253,45193.40322,100
5/14/15,674919.5198,45193.40322,100
5/15/15,799604.9368,45193.40322,100
5/16/15,950207.5742,45193.40322,100
5/17/15,953059.7903,45193.40322,100
5/18/15,765212.5755,45193.40322,100
5/19/15,772228.5339,45193.40322,100
5/20/15,747533.5531,45193.40322,100
5/21/15,717430.7504,45193.40322,100
5/22/15,779045.5887,45193.40322,100
5/23/15,894633.1753,45193.40322,100
5/24/15,881167.9115,45193.40322,100
5/25/15,706875.3753,45193.40322,100
5/26/15,765302.3235,45193.40322,100
5/27/15,807745.3321,45193.40322,100
5/28/15,965064.5346,45193.40322,100
5/29/15,1033275.115,45193.40322,100
5/30/15,1140790.311,45193.40322,100
5/31/15,1040282.572,45193.40322,100
6/1/15,765932.2007,45193.40322,100.3
6/2/15,666599.8251,45193.40322,100.3
6/3/15,663447.9311,45193.40322,100.3
6/4/15,642946.2614,45193.40322,100.3
6/5/15,775465.1336,45193.40322,100.3
6/6/15,827252.4467,45193.40322,100.3
6/7/15,827805.6647,45193.40322,100.3
6/8/15,632468.1862,45193.40322,100.3
6/9/15,655570.3381,45193.40322,100.3
6/10/15,593276.6144,45193.40322,100.3
6/11/15,626156.3332,45193.40322,100.3
6/12/15,698518.4935,45193.40322,100.3
6/13/15,801677.2865,45193.40322,100.3
6/14/15,842675.2024,45193.40322,100.3
6/15/15,638686.5395,45193.40322,100.3
6/16/15,647436.2878,45193.40322,100.3
6/17/15,637400.1993,45193.40322,100.3
6/18/15,619101.0559,45193.40322,100.3
6/19/15,716626.348,45193.40322,100.3
6/20/15,831687.8925,45193.40322,100.3
6/21/15,788208.2663,45193.40322,100.3
6/22/15,629272.5115,45193.40322,100.3
6/23/15,590360.2242,45193.40322,100.3
6/24/15,623150.5982,45193.40322,100.3
6/25/15,609595.0975,45193.40322,100.3
6/26/15,702548.9729,45193.40322,100.3
6/27/15,770388.777,45193.40322,100.3
6/28/15,788353.3937,45193.40322,100.3
6/29/15,609304.8195,45193.40322,100.3
6/30/15,628155.8055,45193.40322,100.3
7/1/15,599936.4301,45193.40322,100.9
7/2/15,632126.2774,45193.40322,100.9
7/3/15,723941.0144,45193.40322,100.9
7/4/15,784525.0353,45193.40322,100.9
7/5/15,792932.3601,45193.40322,100.9
7/6/15,617097.6572,45193.40322,100.9
7/7/15,610625.3886,45193.40322,100.9
7/8/15,632672.2597,45193.40322,100.9
7/9/15,618279.0673,45193.40322,100.9
7/10/15,690777.7013,45193.40322,100.9
7/11/15,798611.1189,45193.40322,100.9
7/12/15,789288.9967,45193.40322,100.9
7/13/15,557964.6182,45193.40322,100.9
7/14/15,625858.4582,45193.40322,100.9
7/15/15,574550.7177,45193.40322,100.9
7/16/15,605426.2479,45193.40322,100.9
7/17/15,710945.9501,45193.40322,100.9
7/18/15,778303.9119,45193.40322,100.9
7/19/15,760765.7818,45193.40322,100.9
7/20/15,569449.9584,45193.40322,100.9
7/21/15,575351.3804,45193.40322,100.9
7/22/15,585191.7621,45193.40322,100.9
7/23/15,607284.8219,45193.40322,100.9
7/24/15,706354.1208,45193.40322,100.9
7/25/15,793482.9107,45193.40322,100.9
7/26/15,743135.5761,45193.40322,100.9
7/27/15,628458.077,45193.40322,100.9
7/28/15,589724.5824,45193.40322,100.9
7/29/15,584791.1508,45193.40322,100.9
7/30/15,598279.4371,45193.40322,100.9
7/31/15,623905.627,45193.40322,100.9
8/1/15,749425.8021,45193.40322,99.9
8/2/15,775821.5995,45193.40322,99.9
8/3/15,582133.4335,45193.40322,99.9
8/4/15,563156.9923,45193.40322,99.9
8/5/15,567375.6954,45193.40322,99.9
8/6/15,551128.3825,45193.40322,99.9
8/7/15,659125.6382,45193.40322,99.9
8/8/15,757896.6108,45193.40322,99.9
8/9/15,718934.0263,45193.40322,99.9
8/10/15,601896.63,45193.40322,99.9
8/11/15,532508.1088,45193.40322,99.9
8/12/15,572469.5866,45193.40322,99.9
8/13/15,559829.2767,45193.40322,99.9
8/14/15,644818.2673,45193.40322,99.9
8/15/15,740611.7163,45193.40322,99.9
8/16/15,775339.1706,45193.40322,99.9
8/17/15,557562.7365,45193.40322,99.9
8/18/15,570342.8706,45193.40322,99.9
8/19/15,543564.5584,45193.40322,99.9
8/20/15,568463.4018,45193.40322,99.9
8/21/15,656757.2299,45193.40322,99.9
8/22/15,763857.1134,45193.40322,99.9
8/23/15,711828.7696,45193.40322,99.9
8/24/15,570545.3014,45193.40322,99.9
8/25/15,547143.1642,45193.40322,99.9
8/26/15,564128.0169,45193.40322,99.9
8/27/15,587735.1797,45193.40322,99.9
8/28/15,662924.0283,45193.40322,99.9
8/29/15,753595.5566,45193.40322,99.9
8/30/15,710073.1184,45193.40322,99.9
8/31/15,586658.7665,45193.40322,99.9
9/1/15,581008.3415,45193.40322,100.2
9/2/15,556946.9817,45193.40322,100.2
9/3/15,553344.162,45193.40322,100.2
9/4/15,702564.4658,45193.40322,100.2
9/5/15,729078.6163,45193.40322,100.2
9/6/15,757562.532,45193.40322,100.2
9/7/15,570858.3774,45193.40322,100.2
9/8/15,553446.7832,45193.40322,100.2
9/9/15,599363.0164,45193.40322,100.2
9/10/15,599006.7653,45193.40322,100.2
9/11/15,630224.6231,45193.40322,100.2
9/12/15,727817.7938,45193.40322,100.2
9/13/15,746713.0054,45193.40322,100.2
9/14/15,561994.6279,45193.40322,100.2
9/15/15,578708.3907,45193.40322,100.2
9/16/15,585743.2347,45193.40322,100.2
9/17/15,553498.9766,45193.40322,100.2
9/18/15,715118.021,45193.40322,100.2
9/19/15,750462.8574,45193.40322,100.2
9/20/15,729418.4909,45193.40322,100.2
9/21/15,589718.0974,45193.40322,100.2
9/22/15,588560.4738,45193.40322,100.2
9/23/15,594282.6746,45193.40322,100.2
9/24/15,571257.213,45193.40322,100.2
9/25/15,646856.7912,45193.40322,100.2
9/26/15,748246.897,45193.40322,100.2
9/27/15,738775.8778,45193.40322,100.2
9/28/15,563321.5099,45193.40322,100.2
9/29/15,574063.3058,45193.40322,100.2
9/30/15,590210.822,45193.40322,100.2
10/1/15,559772.9299,45193.40322,100.3
10/2/15,628770.8572,45193.40322,100.3
10/3/15,697874.1064,45193.40322,100.3
10/4/15,712374.0704,45193.40322,100.3
10/5/15,574050.9949,45193.40322,100.3
10/6/15,577494.1189,45193.40322,100.3
10/7/15,574842.148,45193.40322,100.3
10/8/15,593854.6422,45193.40322,100.3
10/9/15,685425.7659,45193.40322,100.3
10/10/15,760625.8469,45193.40322,100.3
10/11/15,766963.7368,45193.40322,100.3
10/12/15,566489.0709,45193.40322,100.3
10/13/15,560548.4335,45193.40322,100.3
10/14/15,568295.5894,45193.40322,100.3
10/15/15,586091.4592,45193.40322,100.3
10/16/15,675149.8442,45193.40322,100.3
10/17/15,730835.5735,45193.40322,100.3
10/18/15,778191.1812,45193.40322,100.3
10/19/15,599708.4735,45193.40322,100.3
10/20/15,602893.1895,45193.40322,100.3
10/21/15,597831.6117,45193.40322,100.3
10/22/15,592704.13,45193.40322,100.3
10/23/15,652825.1503,45193.40322,100.3
10/24/15,800533.4626,45193.40322,100.3
10/25/15,753134.7031,45193.40322,100.3
10/26/15,615463.1635,45193.40322,100.3
10/27/15,546966.7159,45193.40322,100.3
10/28/15,605789.1643,45193.40322,100.3
10/29/15,636311.002,45193.40322,100.3
10/30/15,666568.2724,45193.40322,100.3
10/31/15,783920.5607,45193.40322,100.3
11/1/15,770500.7417,45193.40322,99.8
11/2/15,584391.0695,45193.40322,99.8
11/3/15,598966.556,45193.40322,99.8
11/4/15,605837.8507,45193.40322,99.8
11/5/15,614758.945,45193.40322,99.8
11/6/15,700980.2303,45193.40322,99.8
11/7/15,785411.0167,45193.40322,99.8
11/8/15,795887.3931,45193.40322,99.8
11/9/15,615094.6266,45193.40322,99.8
11/10/15,614591.7649,45193.40322,99.8
11/11/15,595818.6968,45193.40322,99.8
11/12/15,623344.3624,45193.40322,99.8
11/13/15,652754.9595,45193.40322,99.8
11/14/15,798232.8646,45193.40322,99.8
11/15/15,786956.7526,45193.40322,99.8
11/16/15,628088.2784,45193.40322,99.8
11/17/15,615785.3234,45193.40322,99.8
11/18/15,639103.3269,45193.40322,99.8
11/19/15,605191.3841,45193.40322,99.8
11/20/15,695134.0304,45193.40322,99.8
11/21/15,808785.2099,45193.40322,99.8
11/22/15,834164.3855,45193.40322,99.8
11/23/15,586190.5058,45193.40322,99.8
11/24/15,617100.3791,45193.40322,99.8
11/25/15,583578.7678,45193.40322,99.8
11/26/15,636802.4663,45193.40322,99.8
11/27/15,726680.0215,45193.40322,99.8
11/28/15,827026.5987,45193.40322,99.8
11/29/15,828732.3857,45193.40322,99.8
11/30/15,644662.0019,45193.40322,99.8
12/1/15,659284.0954,45193.40322,99.9
12/2/15,636224.9557,45193.40322,99.9
12/3/15,639992.9165,45193.40322,99.9
12/4/15,713104.194,45193.40322,99.9
12/5/15,822874.2764,45193.40322,99.9
12/6/15,788378.351,45193.40322,99.9
12/7/15,626713.4408,45193.40322,99.9
12/8/15,634210.3583,45193.40322,99.9
12/9/15,676715.1015,45193.40322,99.9
12/10/15,619957.2381,45193.40322,99.9
12/11/15,685112.221,45193.40322,99.9
12/12/15,791247.9462,45193.40322,99.9
12/13/15,836842.3015,45193.40322,99.9
12/14/15,664022.2773,45193.40322,99.9
12/15/15,619529.15,45193.40322,99.9
12/16/15,660235.9733,45193.40322,99.9
12/17/15,647058.7233,45193.40322,99.9
12/18/15,753360.032,45193.40322,99.9
12/19/15,819667.2346,45193.40322,99.9
12/20/15,839476.3767,45193.40322,99.9
12/21/15,643421.1201,45193.40322,99.9
12/22/15,674782.7145,45193.40322,99.9
12/23/15,647997.4566,45193.40322,99.9
12/24/15,661513.1714,45193.40322,99.9
12/25/15,873128.2876,45193.40322,99.9
12/26/15,1191659.482,45193.40322,99.9
12/27/15,1644660.238,45193.40322,99.9
12/28/15,1597185.443,45193.40322,99.9
12/29/15,1872920.141,45193.40322,99.9
12/30/15,1954906.867,45193.40322,99.9
12/31/15,1759022.996,45193.40322,99.9
1/1/16,1567935.819,46039.10593,102.9
1/2/16,1354147.889,46039.10593,102.9
1/3/16,1207027.746,46039.10593,102.9
1/4/16,842029.0286,46039.10593,102.9
1/5/16,838800.3386,46039.10593,102.9
1/6/16,818736.4278,46039.10593,102.9
1/7/16,857908.9244,46039.10593,102.9
1/8/16,834343.2024,46039.10593,102.9
1/9/16,917562.0002,46039.10593,102.9
1/10/16,913587.7004,46039.10593,102.9
1/11/16,736689.6482,46039.10593,102.9
1/12/16,701074.9941,46039.10593,102.9
1/13/16,685617.3465,46039.10593,102.9
1/14/16,689176.5643,46039.10593,102.9
1/15/16,823142.6743,46039.10593,102.9
1/16/16,909233.8333,46039.10593,102.9
1/17/16,1007309.675,46039.10593,102.9
1/18/16,706565.124,46039.10593,102.9
1/19/16,693380.4606,46039.10593,102.9
1/20/16,700027.8769,46039.10593,102.9
1/21/16,719164.2769,46039.10593,102.9
1/22/16,788472.6002,46039.10593,102.9
1/23/16,909881.9308,46039.10593,102.9
1/24/16,958013.3039,46039.10593,102.9
1/25/16,780695.234,46039.10593,102.9
1/26/16,706761.83,46039.10593,102.9
1/27/16,752218.913,46039.10593,102.9
1/28/16,764464.8927,46039.10593,102.9
1/29/16,855219.5606,46039.10593,102.9
1/30/16,939495.6729,46039.10593,102.9
1/31/16,900481.4801,46039.10593,102.9
2/1/16,729369.0594,46039.10593,100.9
2/2/16,725836.8924,46039.10593,100.9
2/3/16,721346.2697,46039.10593,100.9
2/4/16,741584.1595,46039.10593,100.9
2/5/16,779739.6663,46039.10593,100.9
2/6/16,883894.0034,46039.10593,100.9
2/7/16,903622.1414,46039.10593,100.9
2/8/16,682805.1786,46039.10593,100.9
2/9/16,708015.9577,46039.10593,100.9
2/10/16,735628.5076,46039.10593,100.9
2/11/16,752218.678,46039.10593,100.9
2/12/16,829912.8316,46039.10593,100.9
2/13/16,960468.6433,46039.10593,100.9
2/14/16,969974.1622,46039.10593,100.9
2/15/16,684740.652,46039.10593,100.9
2/16/16,695038.5981,46039.10593,100.9
2/17/16,712515.5296,46039.10593,100.9
2/18/16,761881.0227,46039.10593,100.9
2/19/16,805183.9039,46039.10593,100.9
2/20/16,946810.8284,46039.10593,100.9
2/21/16,921592.4507,46039.10593,100.9
2/22/16,713706.878,46039.10593,100.9
2/23/16,717816.3322,46039.10593,100.9
2/24/16,697115.8248,46039.10593,100.9
2/25/16,724981.7044,46039.10593,100.9
2/26/16,820599.8838,46039.10593,100.9
2/27/16,926545.3102,46039.10593,100.9
2/28/16,877941.362,46039.10593,100.9
2/29/16,725951.3557,46039.10593,100.9
3/1/16,684657.2798,46039.10593,100.5
3/2/16,677787.9812,46039.10593,100.5
3/3/16,693369.6936,46039.10593,100.5
3/4/16,850569.023,46039.10593,100.5
3/5/16,913357.9877,46039.10593,100.5
3/6/16,929684.6992,46039.10593,100.5
3/7/16,736512.2433,46039.10593,100.5
3/8/16,754143.5986,46039.10593,100.5
3/9/16,717744.0096,46039.10593,100.5
3/10/16,738945.2543,46039.10593,100.5
3/11/16,816166.9214,46039.10593,100.5
3/12/16,897033.1261,46039.10593,100.5
3/13/16,940325.2449,46039.10593,100.5
3/14/16,745592.2214,46039.10593,100.5
3/15/16,723138.1907,46039.10593,100.5
3/16/16,692327.4283,46039.10593,100.5
3/17/16,746895.6813,46039.10593,100.5
3/18/16,807013.3044,46039.10593,100.5
3/19/16,902402.9117,46039.10593,100.5
3/20/16,946572.7035,46039.10593,100.5
3/21/16,735299.3056,46039.10593,100.5
3/22/16,691612.6335,46039.10593,100.5
3/23/16,720116.2932,46039.10593,100.5
3/24/16,706797.2675,46039.10593,100.5
3/25/16,813283.1347,46039.10593,100.5
3/26/16,964590.5634,46039.10593,100.5
3/27/16,1023603.833,46039.10593,100.5
3/28/16,871546.2024,46039.10593,100.5
3/29/16,950744.7371,46039.10593,100.5
3/30/16,1029671.443,46039.10593,100.5
3/31/16,1036664.589,46039.10593,100.5
4/1/16,1247893.917,46039.10593,101.6
4/2/16,1295973.45,46039.10593,101.6
4/3/16,1223307.843,46039.10593,101.6
4/4/16,808687.687,46039.10593,101.6
4/5/16,782057.9524,46039.10593,101.6
4/6/16,748492.3134,46039.10593,101.6
4/7/16,688966.7194,46039.10593,101.6
4/8/16,830444.2675,46039.10593,101.6
4/9/16,877828.138,46039.10593,101.6
4/10/16,904548.705,46039.10593,101.6
4/11/16,728554.507,46039.10593,101.6
4/12/16,738850.7909,46039.10593,101.6
4/13/16,728344.5223,46039.10593,101.6
4/14/16,754049.9703,46039.10593,101.6
4/15/16,800739.0693,46039.10593,101.6
4/16/16,883069.267,46039.10593,101.6
4/17/16,956372.8273,46039.10593,101.6
4/18/16,720801.2626,46039.10593,101.6
4/19/16,712947.6978,46039.10593,101.6
4/20/16,699406.7511,46039.10593,101.6
4/21/16,753921.3125,46039.10593,101.6
4/22/16,761429.1152,46039.10593,101.6
4/23/16,897185.1776,46039.10593,101.6
4/24/16,945042.6742,46039.10593,101.6
4/25/16,697230.4745,46039.10593,101.6
4/26/16,738709.5177,46039.10593,101.6
4/27/16,719951.4466,46039.10593,101.6
4/28/16,757546.3064,46039.10593,101.6
4/29/16,878799.0155,46039.10593,101.6
4/30/16,1045374.6,46039.10593,101.6
5/1/16,1037554.804,46039.10593,100.2
5/2/16,832333.5377,46039.10593,100.2
5/3/16,801810.4681,46039.10593,100.2
5/4/16,734220.247,46039.10593,100.2
5/5/16,737217.5861,46039.10593,100.2
5/6/16,810904.8506,46039.10593,100.2
5/7/16,1012968.573,46039.10593,100.2
5/8/16,1049971.085,46039.10593,100.2
5/9/16,805689.3587,46039.10593,100.2
5/10/16,866895.4009,46039.10593,100.2
5/11/16,802831.3,46039.10593,100.2
5/12/16,733033.4637,46039.10593,100.2
5/13/16,803427.8602,46039.10593,100.2
5/14/16,907619.5908,46039.10593,100.2
5/15/16,881197.8589,46039.10593,100.2
5/16/16,734531.0595,46039.10593,100.2
5/17/16,773024.4216,46039.10593,100.2
5/18/16,830887.2605,46039.10593,100.2
5/19/16,906905.8271,46039.10593,100.2
5/20/16,1069504.926,46039.10593,100.2
5/21/16,1223111.18,46039.10593,100.2
5/22/16,1055880.689,46039.10593,100.2
5/23/16,764546.3375,46039.10593,100.2
5/24/16,694215.7812,46039.10593,100.2
5/25/16,666272.0381,46039.10593,100.2
5/26/16,674792.3242,46039.10593,100.2
5/27/16,812522.7312,46039.10593,100.2
5/28/16,874058.5013,46039.10593,100.2
5/29/16,891609.4476,46039.10593,100.2
5/30/16,652142.0571,46039.10593,100.2
5/31/16,613990.0618,46039.10593,100.2
6/1/16,662565.1778,46039.10593,101
6/2/16,676282.4608,46039.10593,101
6/3/16,797382.4197,46039.10593,101
6/4/16,793093.5973,46039.10593,101
6/5/16,873317.8159,46039.10593,101
6/6/16,631337.7422,46039.10593,101
6/7/16,634396.8154,46039.10593,101
6/8/16,634634.4212,46039.10593,101
6/9/16,642173.9719,46039.10593,101
6/10/16,735981.3818,46039.10593,101
6/11/16,808858.5324,46039.10593,101
6/12/16,859867.3852,46039.10593,101
6/13/16,629346.8113,46039.10593,101
6/14/16,671004.863,46039.10593,101
6/15/16,643058.0134,46039.10593,101
6/16/16,658883.4315,46039.10593,101
6/17/16,692034.5689,46039.10593,101
6/18/16,812829.0898,46039.10593,101
6/19/16,810013.5695,46039.10593,101
6/20/16,661777.6722,46039.10593,101
6/21/16,645743.1655,46039.10593,101
6/22/16,644297.7619,46039.10593,101
6/23/16,606635.2385,46039.10593,101
6/24/16,715883.6322,46039.10593,101
6/25/16,807977.7973,46039.10593,101
6/26/16,793157.2201,46039.10593,101
6/27/16,601568.1739,46039.10593,101
6/28/16,622632.4453,46039.10593,101
6/29/16,627033.4112,46039.10593,101
6/30/16,637030.8526,46039.10593,101
7/1/16,725582.071,46039.10593,101.1
7/2/16,790028.6094,46039.10593,101.1
7/3/16,807961.0279,46039.10593,101.1
7/4/16,623742.6095,46039.10593,101.1
7/5/16,629257.7022,46039.10593,101.1
7/6/16,657691.284,46039.10593,101.1
7/7/16,618571.5137,46039.10593,101.1
7/8/16,720967.7031,46039.10593,101.1
7/9/16,802412.1512,46039.10593,101.1
7/10/16,827300.9688,46039.10593,101.1
7/11/16,651642.6026,46039.10593,101.1
7/12/16,620917.4768,46039.10593,101.1
7/13/16,621174.1653,46039.10593,101.1
7/14/16,572637.9707,46039.10593,101.1
7/15/16,680898.5757,46039.10593,101.1
7/16/16,774234.3268,46039.10593,101.1
7/17/16,849506.7095,46039.10593,101.1
7/18/16,592085.7019,46039.10593,101.1
7/19/16,578687.2991,46039.10593,101.1
7/20/16,599591.8647,46039.10593,101.1
7/21/16,594761.9537,46039.10593,101.1
7/22/16,657607.1024,46039.10593,101.1
7/23/16,807937.6444,46039.10593,101.1
7/24/16,794343.053,46039.10593,101.1
7/25/16,589419.238,46039.10593,101.1
7/26/16,562143.5285,46039.10593,101.1
7/27/16,595604.8785,46039.10593,101.1
7/28/16,544293.2976,46039.10593,101.1
7/29/16,680910.901,46039.10593,101.1
7/30/16,749104.7575,46039.10593,101.1
7/31/16,765035.6286,46039.10593,101.1
8/1/16,601125.3847,46039.10593,101.3
8/2/16,579927.2896,46039.10593,101.3
8/3/16,617535.1168,46039.10593,101.3
8/4/16,594128.5617,46039.10593,101.3
8/5/16,670849.0068,46039.10593,101.3
8/6/16,824845.6659,46039.10593,101.3
8/7/16,798554.4984,46039.10593,101.3
8/8/16,623290.404,46039.10593,101.3
8/9/16,601642.4436,46039.10593,101.3
8/10/16,596702.5744,46039.10593,101.3
8/11/16,557499.5996,46039.10593,101.3
8/12/16,675815.7163,46039.10593,101.3
8/13/16,755962.6709,46039.10593,101.3
8/14/16,799074.9685,46039.10593,101.3
8/15/16,598816.9565,46039.10593,101.3
8/16/16,609396.2203,46039.10593,101.3
8/17/16,591818.1496,46039.10593,101.3
8/18/16,570863.7448,46039.10593,101.3
8/19/16,648703.4668,46039.10593,101.3
8/20/16,771373.4837,46039.10593,101.3
8/21/16,781481.9568,46039.10593,101.3
8/22/16,596654.8645,46039.10593,101.3
8/23/16,596742.0665,46039.10593,101.3
8/24/16,575599.4856,46039.10593,101.3
8/25/16,562935.772,46039.10593,101.3
8/26/16,676010.6849,46039.10593,101.3
8/27/16,744645.3056,46039.10593,101.3
8/28/16,768236.6301,46039.10593,101.3
8/29/16,579952.3749,46039.10593,101.3
8/30/16,577425.5398,46039.10593,101.3
8/31/16,572518.3442,46039.10593,101.3
9/1/16,583602.4799,46039.10593,101.4
9/2/16,683593.4951,46039.10593,101.4
9/3/16,797858.6167,46039.10593,101.4
9/4/16,753059.908,46039.10593,101.4
9/5/16,596319.3543,46039.10593,101.4
9/6/16,554603.9258,46039.10593,101.4
9/7/16,589498.2006,46039.10593,101.4
9/8/16,564824.6857,46039.10593,101.4
9/9/16,675571.9682,46039.10593,101.4
9/10/16,755997.0755,46039.10593,101.4
9/11/16,767033.1204,46039.10593,101.4
9/12/16,570998.3221,46039.10593,101.4
9/13/16,579128.9824,46039.10593,101.4
9/14/16,579709.2728,46039.10593,101.4
9/15/16,600434.4887,46039.10593,101.4
9/16/16,675320.7517,46039.10593,101.4
9/17/16,782006.2054,46039.10593,101.4
9/18/16,774940.9015,46039.10593,101.4
9/19/16,597133.1483,46039.10593,101.4
9/20/16,587553.6389,46039.10593,101.4
9/21/16,606905.7719,46039.10593,101.4
9/22/16,589216.9754,46039.10593,101.4
9/23/16,642192.264,46039.10593,101.4
9/24/16,725172.1769,46039.10593,101.4
9/25/16,739419.3788,46039.10593,101.4
9/26/16,595484.4779,46039.10593,101.4
9/27/16,564457.0821,46039.10593,101.4
9/28/16,577262.2296,46039.10593,101.4
9/29/16,592225.719,46039.10593,101.4
9/30/16,665892.5195,46039.10593,101.4
10/1/16,794656.6807,46039.10593,102.5
10/2/16,805276.5194,46039.10593,102.5
10/3/16,613641.0513,46039.10593,102.5
10/4/16,639297.4681,46039.10593,102.5
10/5/16,570983.4549,46039.10593,102.5
10/6/16,623784.8531,46039.10593,102.5
10/7/16,675006.6292,46039.10593,102.5
10/8/16,761791.5171,46039.10593,102.5
10/9/16,769672.7602,46039.10593,102.5
10/10/16,596044.3945,46039.10593,102.5
10/11/16,563653.4441,46039.10593,102.5
10/12/16,588531.9074,46039.10593,102.5
10/13/16,572504.3216,46039.10593,102.5
10/14/16,661938.2572,46039.10593,102.5
10/15/16,805658.9254,46039.10593,102.5
10/16/16,770756.1294,46039.10593,102.5
10/17/16,577060.5921,46039.10593,102.5
10/18/16,609502.3434,46039.10593,102.5
10/19/16,615580.5298,46039.10593,102.5
10/20/16,595352.4987,46039.10593,102.5
10/21/16,726167.2875,46039.10593,102.5
10/22/16,797917.8739,46039.10593,102.5
10/23/16,778379.5491,46039.10593,102.5
10/24/16,639227.761,46039.10593,102.5
10/25/16,624827.3434,46039.10593,102.5
10/26/16,618467.4428,46039.10593,102.5
10/27/16,596243.3916,46039.10593,102.5
10/28/16,682977.0827,46039.10593,102.5
10/29/16,783254.9987,46039.10593,102.5
10/30/16,805875.5608,46039.10593,102.5
10/31/16,635040.0467,46039.10593,102.5
11/1/16,588582.338,46039.10593,102.8
11/2/16,624126.6262,46039.10593,102.8
11/3/16,613385.6103,46039.10593,102.8
11/4/16,689922.9008,46039.10593,102.8
11/5/16,840289.4997,46039.10593,102.8
11/6/16,822542.1268,46039.10593,102.8
11/7/16,617996.8694,46039.10593,102.8
11/8/16,623308.298,46039.10593,102.8
11/9/16,637483.3638,46039.10593,102.8
11/10/16,648470.7843,46039.10593,102.8
11/11/16,742312.8015,46039.10593,102.8
11/12/16,823966.0516,46039.10593,102.8
11/13/16,843742.4354,46039.10593,102.8
11/14/16,610851.1094,46039.10593,102.8
11/15/16,632041.9667,46039.10593,102.8
11/16/16,646884.1823,46039.10593,102.8
11/17/16,674337.5888,46039.10593,102.8
11/18/16,708834.6973,46039.10593,102.8
11/19/16,807882.4688,46039.10593,102.8
11/20/16,830149.7703,46039.10593,102.8
11/21/16,614502.5593,46039.10593,102.8
11/22/16,643339.3426,46039.10593,102.8
11/23/16,649708.2883,46039.10593,102.8
11/24/16,682651.5102,46039.10593,102.8
11/25/16,791070.8688,46039.10593,102.8
11/26/16,819865.9594,46039.10593,102.8
11/27/16,834742.7007,46039.10593,102.8
11/28/16,677149.6961,46039.10593,102.8
11/29/16,637896.6776,46039.10593,102.8
11/30/16,634731.0218,46039.10593,102.8
12/1/16,633245.0845,46039.10593,102.4
12/2/16,772816.9436,46039.10593,102.4
12/3/16,834043.7165,46039.10593,102.4
12/4/16,882205.5311,46039.10593,102.4
12/5/16,665759.5392,46039.10593,102.4
12/6/16,642904.9826,46039.10593,102.4
12/7/16,684598.0123,46039.10593,102.4
12/8/16,675152.653,46039.10593,102.4
12/9/16,737887.085,46039.10593,102.4
12/10/16,893311.704,46039.10593,102.4
12/11/16,902844.5049,46039.10593,102.4
12/12/16,638706.4549,46039.10593,102.4
12/13/16,675544.0883,46039.10593,102.4
12/14/16,664228.6095,46039.10593,102.4
12/15/16,680500.5661,46039.10593,102.4
12/16/16,784349.0126,46039.10593,102.4
12/17/16,858871.7388,46039.10593,102.4
12/18/16,859666.8909,46039.10593,102.4
12/19/16,691742.7505,46039.10593,102.4
12/20/16,651206.6909,46039.10593,102.4
12/21/16,676831.673,46039.10593,102.4
12/22/16,694127.815,46039.10593,102.4
12/23/16,750405.1314,46039.10593,102.4
12/24/16,899141.8367,46039.10593,102.4
12/25/16,961726.779,46039.10593,102.4
12/26/16,945016.0803,46039.10593,102.4
12/27/16,1312443.782,46039.10593,102.4
12/28/16,1638808.517,46039.10593,102.4
12/29/16,2015749.805,46039.10593,102.4
12/30/16,2364496.928,46039.10593,102.4
12/31/16,2255323.277,46039.10593,102.4
1/1/17,1916273.648,48675.22234,102.2
1/2/17,1092586.003,48675.22234,102.2
1/3/17,867193.7359,48675.22234,102.2
1/4/17,839876.578,48675.22234,102.2
1/5/17,898619.0727,48675.22234,102.2
1/6/17,956466.4708,48675.22234,102.2
1/7/17,1090149.772,48675.22234,102.2
1/8/17,1044000.107,48675.22234,102.2
1/9/17,723994.0584,48675.22234,102.2
1/10/17,764674.3512,48675.22234,102.2
1/11/17,743097.6179,48675.22234,102.2
1/12/17,759895.8606,48675.22234,102.2
1/13/17,895832.3051,48675.22234,102.2
1/14/17,960159.5106,48675.22234,102.2
1/15/17,909019.6159,48675.22234,102.2
1/16/17,732921.4555,48675.22234,102.2
1/17/17,710680.5121,48675.22234,102.2
1/18/17,733803.1999,48675.22234,102.2
1/19/17,760564.685,48675.22234,102.2
1/20/17,874564.8627,48675.22234,102.2
1/21/17,956544.0339,48675.22234,102.2
1/22/17,1029658.299,48675.22234,102.2
1/23/17,723766.2983,48675.22234,102.2
1/24/17,798471.5304,48675.22234,102.2
1/25/17,753975.4274,48675.22234,102.2
1/26/17,763208.9727,48675.22234,102.2
1/27/17,916852.7812,48675.22234,102.2
1/28/17,1000369.502,48675.22234,102.2
1/29/17,999964.8547,48675.22234,102.2
1/30/17,755753.6008,48675.22234,102.2
1/31/17,763128.4272,48675.22234,102.2
2/1/17,721815.5634,48675.22234,102.9
2/2/17,736166.3602,48675.22234,102.9
2/3/17,954275.6178,48675.22234,102.9
2/4/17,1055065.364,48675.22234,102.9
2/5/17,980347.127,48675.22234,102.9
2/6/17,798673.2965,48675.22234,102.9
2/7/17,784985.8465,48675.22234,102.9
2/8/17,748999.8786,48675.22234,102.9
2/9/17,796639.0092,48675.22234,102.9
2/10/17,870613.8184,48675.22234,102.9
2/11/17,1050017.052,48675.22234,102.9
2/12/17,968391.5088,48675.22234,102.9
2/13/17,787183.9949,48675.22234,102.9
2/14/17,761733.3641,48675.22234,102.9
2/15/17,784071.0092,48675.22234,102.9
2/16/17,812196.0934,48675.22234,102.9
2/17/17,907848.4605,48675.22234,102.9
2/18/17,1003097.601,48675.22234,102.9
2/19/17,1047801.965,48675.22234,102.9
2/20/17,756207.4975,48675.22234,102.9
2/21/17,793675.5675,48675.22234,102.9
2/22/17,822437.8474,48675.22234,102.9
2/23/17,769195.4902,48675.22234,102.9
2/24/17,848718.8198,48675.22234,102.9
2/25/17,978560.7123,48675.22234,102.9
2/26/17,988491.4126,48675.22234,102.9
2/27/17,748064.3412,48675.22234,102.9
2/28/17,780882.3394,48675.22234,102.9
3/1/17,826912.0932,48675.22234,102.7
3/2/17,779242.7111,48675.22234,102.7
3/3/17,932845.2602,48675.22234,102.7
3/4/17,1027322.205,48675.22234,102.7
3/5/17,1030343.785,48675.22234,102.7
3/6/17,767293.6366,48675.22234,102.7
3/7/17,750979.9492,48675.22234,102.7
3/8/17,793109.1095,48675.22234,102.7
3/9/17,791825.1842,48675.22234,102.7
3/10/17,913676.6293,48675.22234,102.7
3/11/17,966906.5563,48675.22234,102.7
3/12/17,1012005.115,48675.22234,102.7
3/13/17,776828.337,48675.22234,102.7
3/14/17,792138.6019,48675.22234,102.7
3/15/17,723778.7385,48675.22234,102.7
3/16/17,752277.4807,48675.22234,102.7
3/17/17,858332.8237,48675.22234,102.7
3/18/17,993386.5142,48675.22234,102.7
3/19/17,974485.9362,48675.22234,102.7
3/20/17,776220.5945,48675.22234,102.7
3/21/17,767142.5842,48675.22234,102.7
3/22/17,757842.9613,48675.22234,102.7
3/23/17,781650.5768,48675.22234,102.7
3/24/17,884843.0067,48675.22234,102.7
3/25/17,951091.4825,48675.22234,102.7
3/26/17,1022372.395,48675.22234,102.7
3/27/17,744388.2708,48675.22234,102.7
3/28/17,815944.5797,48675.22234,102.7
3/29/17,777762.5855,48675.22234,102.7
3/30/17,746044.287,48675.22234,102.7
3/31/17,930664.0291,48675.22234,102.7
4/1/17,952937.9728,48675.22234,103.6
4/2/17,1016893.964,48675.22234,103.6
4/3/17,772823.302,48675.22234,103.6
4/4/17,785345.6035,48675.22234,103.6
4/5/17,833964.742,48675.22234,103.6
4/6/17,778901.5035,48675.22234,103.6
4/7/17,853812.2789,48675.22234,103.6
4/8/17,993843.5912,48675.22234,103.6
4/9/17,1019276.271,48675.22234,103.6
4/10/17,787811.7504,48675.22234,103.6
4/11/17,773947.9577,48675.22234,103.6
4/12/17,768589.9875,48675.22234,103.6
4/13/17,777096.1696,48675.22234,103.6
4/14/17,902208.9325,48675.22234,103.6
4/15/17,1088788.466,48675.22234,103.6
4/16/17,1091807.691,48675.22234,103.6
4/17/17,937517.0661,48675.22234,103.6
4/18/17,1038764.452,48675.22234,103.6
4/19/17,1052915.958,48675.22234,103.6
4/20/17,1177038.027,48675.22234,103.6
4/21/17,1317555.679,48675.22234,103.6
4/22/17,1380932.576,48675.22234,103.6
4/23/17,1222598.817,48675.22234,103.6
4/24/17,849626.7893,48675.22234,103.6
4/25/17,815417.4976,48675.22234,103.6
4/26/17,799315.393,48675.22234,103.6
4/27/17,761139.6085,48675.22234,103.6
4/28/17,923844.1763,48675.22234,103.6
4/29/17,1112592.313,48675.22234,103.6
4/30/17,1134368.367,48675.22234,103.6
5/1/17,920301.0171,48675.22234,103.8
5/2/17,919543.038,48675.22234,103.8
5/3/17,862446.3656,48675.22234,103.8
5/4/17,813903.9616,48675.22234,103.8
5/5/17,885023.1187,48675.22234,103.8
5/6/17,1067554.561,48675.22234,103.8
5/7/17,1074930.252,48675.22234,103.8
5/8/17,873910.2505,48675.22234,103.8
5/9/17,914558.2431,48675.22234,103.8
5/10/17,937027.5405,48675.22234,103.8
5/11/17,846783.196,48675.22234,103.8
5/12/17,914137.8996,48675.22234,103.8
5/13/17,1007091.311,48675.22234,103.8
5/14/17,969644.6217,48675.22234,103.8
5/15/17,727354.149,48675.22234,103.8
5/16/17,701933.8249,48675.22234,103.8
5/17/17,718812.5466,48675.22234,103.8
5/18/17,749856.6778,48675.22234,103.8
5/19/17,860734.1243,48675.22234,103.8
5/20/17,945551.3876,48675.22234,103.8
5/21/17,958373.6527,48675.22234,103.8
5/22/17,730161.2275,48675.22234,103.8
5/23/17,709960.4599,48675.22234,103.8
5/24/17,748886.8444,48675.22234,103.8
5/25/17,704808.872,48675.22234,103.8
5/26/17,831947.8609,48675.22234,103.8
5/27/17,1027687.711,48675.22234,103.8
5/28/17,1103100.692,48675.22234,103.8
5/29/17,844543.2274,48675.22234,103.8
5/30/17,828347.8156,48675.22234,103.8
5/31/17,884283.3834,48675.22234,103.8
6/1/17,758037.1619,48675.22234,103.4
6/2/17,865860.9136,48675.22234,103.4
6/3/17,955781.5554,48675.22234,103.4
6/4/17,938671.422,48675.22234,103.4
6/5/17,748610.0925,48675.22234,103.4
6/6/17,819281.4083,48675.22234,103.4
6/7/17,931739.991,48675.22234,103.4
6/8/17,910526.2332,48675.22234,103.4
6/9/17,1123849.231,48675.22234,103.4
6/10/17,1277475.445,48675.22234,103.4
6/11/17,1167626.185,48675.22234,103.4
6/12/17,823369.172,48675.22234,103.4
6/13/17,762534.8903,48675.22234,103.4
6/14/17,726029.1884,48675.22234,103.4
6/15/17,708103.0866,48675.22234,103.4
6/16/17,838560.6005,48675.22234,103.4
6/17/17,938774.9979,48675.22234,103.4
6/18/17,914680.0281,48675.22234,103.4
6/19/17,702891.3558,48675.22234,103.4
6/20/17,677874.8187,48675.22234,103.4
6/21/17,701733.5045,48675.22234,103.4
6/22/17,679534.2983,48675.22234,103.4
6/23/17,772971.6787,48675.22234,103.4
6/24/17,857155.7711,48675.22234,103.4
6/25/17,831939.1966,48675.22234,103.4
6/26/17,693434.277,48675.22234,103.4
6/27/17,701298.6668,48675.22234,103.4
6/28/17,718674.8011,48675.22234,103.4
6/29/17,672708.7851,48675.22234,103.4
6/30/17,779515.0289,48675.22234,103.4
7/1/17,877741.7582,48675.22234,105.1
7/2/17,938473.6052,48675.22234,105.1
7/3/17,705917.5302,48675.22234,105.1
7/4/17,680312.2749,48675.22234,105.1
7/5/17,671219.7967,48675.22234,105.1
7/6/17,671877.6773,48675.22234,105.1
7/7/17,789443.1576,48675.22234,105.1
7/8/17,868658.8971,48675.22234,105.1
7/9/17,869921.9955,48675.22234,105.1
7/10/17,664294.0823,48675.22234,105.1
7/11/17,682770.4848,48675.22234,105.1
7/12/17,682166.8486,48675.22234,105.1
7/13/17,699210.5799,48675.22234,105.1
7/14/17,771353.8517,48675.22234,105.1
7/15/17,860259.9469,48675.22234,105.1
7/16/17,866258.3596,48675.22234,105.1
7/17/17,644647.1312,48675.22234,105.1
7/18/17,633682.1485,48675.22234,105.1
7/19/17,677452.6224,48675.22234,105.1
7/20/17,676729.5541,48675.22234,105.1
7/21/17,772861.587,48675.22234,105.1
7/22/17,864971.036,48675.22234,105.1
7/23/17,864304.7837,48675.22234,105.1
7/24/17,663831.0539,48675.22234,105.1
7/25/17,714174.9284,48675.22234,105.1
7/26/17,693261.9653,48675.22234,105.1
7/27/17,654419.4324,48675.22234,105.1
7/28/17,754561.5082,48675.22234,105.1
7/29/17,863028.2694,48675.22234,105.1
7/30/17,842606.4038,48675.22234,105.1
7/31/17,666738.5374,48675.22234,105.1
8/1/17,652546.2083,48675.22234,105.7
8/2/17,655622.4182,48675.22234,105.7
8/3/17,672276.1406,48675.22234,105.7
8/4/17,730035.2645,48675.22234,105.7
8/5/17,867433.2589,48675.22234,105.7
8/6/17,888413.1851,48675.22234,105.7
8/7/17,648371.9139,48675.22234,105.7
8/8/17,658368.4525,48675.22234,105.7
8/9/17,644095.1752,48675.22234,105.7
8/10/17,661687.3741,48675.22234,105.7
8/11/17,785853.5106,48675.22234,105.7
8/12/17,833429.3794,48675.22234,105.7
8/13/17,798260.3605,48675.22234,105.7
8/14/17,654930.0184,48675.22234,105.7
8/15/17,633498.6198,48675.22234,105.7
8/16/17,649270.7973,48675.22234,105.7
8/17/17,635634.4293,48675.22234,105.7
8/18/17,725562.931,48675.22234,105.7
8/19/17,838938.6072,48675.22234,105.7
8/20/17,850007.6475,48675.22234,105.7
8/21/17,636971.0311,48675.22234,105.7
8/22/17,649093.6626,48675.22234,105.7
8/23/17,636166.0758,48675.22234,105.7
8/24/17,663407.7571,48675.22234,105.7
8/25/17,719252.3554,48675.22234,105.7
8/26/17,848720.3047,48675.22234,105.7
8/27/17,812841.4643,48675.22234,105.7
8/28/17,604842.8874,48675.22234,105.7
8/29/17,670911.4715,48675.22234,105.7
8/30/17,619917.1241,48675.22234,105.7
8/31/17,635259.883,48675.22234,105.7
9/1/17,751153.6467,48675.22234,105.3
9/2/17,857180.7228,48675.22234,105.3
9/3/17,809636.7605,48675.22234,105.3
9/4/17,651295.0986,48675.22234,105.3
9/5/17,623470.3631,48675.22234,105.3
9/6/17,655417.5779,48675.22234,105.3
9/7/17,630051.1666,48675.22234,105.3
9/8/17,768397.195,48675.22234,105.3
9/9/17,805478.4107,48675.22234,105.3
9/10/17,834097.6345,48675.22234,105.3
9/11/17,614463.1024,48675.22234,105.3
9/12/17,636097.0747,48675.22234,105.3
9/13/17,655144.9274,48675.22234,105.3
9/14/17,652033.0318,48675.22234,105.3
9/15/17,724134.7435,48675.22234,105.3
9/16/17,868223.8969,48675.22234,105.3
9/17/17,848376.9135,48675.22234,105.3
9/18/17,637487.1851,48675.22234,105.3
9/19/17,607236.4207,48675.22234,105.3
9/20/17,645333.2196,48675.22234,105.3
9/21/17,665795.4237,48675.22234,105.3
9/22/17,761980.3775,48675.22234,105.3
9/23/17,821958.5394,48675.22234,105.3
9/24/17,842908.0928,48675.22234,105.3
9/25/17,669433.144,48675.22234,105.3
9/26/17,646482.3097,48675.22234,105.3
9/27/17,608726.6405,48675.22234,105.3
9/28/17,657499.4722,48675.22234,105.3
9/29/17,754646.159,48675.22234,105.3
9/30/17,844824.5705,48675.22234,105.3
10/1/17,841130.6325,48675.22234,105
10/2/17,661826.551,48675.22234,105
10/3/17,632552.5597,48675.22234,105
10/4/17,666277.8523,48675.22234,105
10/5/17,674067.7421,48675.22234,105
10/6/17,744459.1163,48675.22234,105
10/7/17,854155.8449,48675.22234,105
10/8/17,827995.899,48675.22234,105
10/9/17,629970.4945,48675.22234,105
10/10/17,682733.0908,48675.22234,105
10/11/17,607197.8797,48675.22234,105
10/12/17,665032.1262,48675.22234,105
10/13/17,735146.2055,48675.22234,105
10/14/17,863584.6165,48675.22234,105
10/15/17,874026.3891,48675.22234,105
10/16/17,646926.0454,48675.22234,105
10/17/17,627019.9949,48675.22234,105
10/18/17,640467.9746,48675.22234,105
10/19/17,631495.2423,48675.22234,105
10/20/17,764806.7278,48675.22234,105
10/21/17,863571.6909,48675.22234,105
10/22/17,866373.8986,48675.22234,105
10/23/17,665618.7916,48675.22234,105
10/24/17,651111.3364,48675.22234,105
10/25/17,636065.8932,48675.22234,105
10/26/17,658314.6279,48675.22234,105
10/27/17,772282.445,48675.22234,105
10/28/17,891267.5625,48675.22234,105
10/29/17,896580.8463,48675.22234,105
10/30/17,693188.9462,48675.22234,105
10/31/17,671127.4126,48675.22234,105
11/1/17,684161.1354,48675.22234,107.5
11/2/17,688992.5371,48675.22234,107.5
11/3/17,795187.168,48675.22234,107.5
11/4/17,884743.9605,48675.22234,107.5
11/5/17,910360.9068,48675.22234,107.5
11/6/17,675337.9116,48675.22234,107.5
11/7/17,683524.1278,48675.22234,107.5
11/8/17,683582.0155,48675.22234,107.5
11/9/17,698060.692,48675.22234,107.5
11/10/17,852207.1724,48675.22234,107.5
11/11/17,935981.2797,48675.22234,107.5
11/12/17,910452.9028,48675.22234,107.5
11/13/17,687985.0459,48675.22234,107.5
11/14/17,716362.2469,48675.22234,107.5
11/15/17,703070.2097,48675.22234,107.5
11/16/17,686109.7872,48675.22234,107.5
11/17/17,811251.8266,48675.22234,107.5
11/18/17,938185.6877,48675.22234,107.5
11/19/17,985383.5272,48675.22234,107.5
11/20/17,691868.9079,48675.22234,107.5
11/21/17,716018.6153,48675.22234,107.5
11/22/17,707064.5428,48675.22234,107.5
11/23/17,732583.8283,48675.22234,107.5
11/24/17,812533.0267,48675.22234,107.5
11/25/17,958284.2757,48675.22234,107.5
11/26/17,966746.0115,48675.22234,107.5
11/27/17,728197.2659,48675.22234,107.5
11/28/17,725211.4063,48675.22234,107.5
11/29/17,737087.1735,48675.22234,107.5
11/30/17,718446.4471,48675.22234,107.5
12/1/17,833709.012,48675.22234,107.9
12/2/17,944679.8968,48675.22234,107.9
12/3/17,937968.2483,48675.22234,107.9
12/4/17,740994.2287,48675.22234,107.9
12/5/17,742793.5371,48675.22234,107.9
12/6/17,740658.8878,48675.22234,107.9
12/7/17,730479.0416,48675.22234,107.9
12/8/17,799258.133,48675.22234,107.9
12/9/17,1014939.624,48675.22234,107.9
12/10/17,939037.975,48675.22234,107.9
12/11/17,769146.5719,48675.22234,107.9
12/12/17,725937.6056,48675.22234,107.9
12/13/17,750945.0099,48675.22234,107.9
12/14/17,751334.9037,48675.22234,107.9
12/15/17,881197.3878,48675.22234,107.9
12/16/17,962075.4183,48675.22234,107.9
12/17/17,980506.2207,48675.22234,107.9
12/18/17,766207.3462,48675.22234,107.9
12/19/17,792823.3408,48675.22234,107.9
12/20/17,709991.5398,48675.22234,107.9
12/21/17,763957.4783,48675.22234,107.9
12/22/17,896750.1028,48675.22234,107.9
12/23/17,983519.2151,48675.22234,107.9
12/24/17,1018228.439,48675.22234,107.9
12/25/17,865081.9816,48675.22234,107.9
12/26/17,1076905.065,48675.22234,107.9
12/27/17,1419231.617,48675.22234,107.9
12/28/17,1881860.255,48675.22234,107.9
12/29/17,2743738.243,48675.22234,107.9
12/30/17,2944439.914,48675.22234,107.9
12/31/17,2521502.473,48675.22234,107.9
1/1/18,1660788.886,53044.53244,105.9
1/2/18,1251909.31,53044.53244,105.9
1/3/18,1050946.737,53044.53244,105.9
1/4/18,925529.8636,53044.53244,105.9
1/5/18,1051011.185,53044.53244,105.9
1/6/18,1306176.285,53044.53244,105.9
1/7/18,1227556.035,53044.53244,105.9
1/8/18,924460.5826,53044.53244,105.9
1/9/18,940998.6822,53044.53244,105.9
1/10/18,839269.2969,53044.53244,105.9
1/11/18,816755.9721,53044.53244,105.9
1/12/18,969856.5602,53044.53244,105.9
1/13/18,1103365.845,53044.53244,105.9
1/14/18,1135495.405,53044.53244,105.9
1/15/18,880274.6142,53044.53244,105.9
1/16/18,833325.221,53044.53244,105.9
1/17/18,823574.6462,53044.53244,105.9
1/18/18,884335.6674,53044.53244,105.9
1/19/18,978665.0831,53044.53244,105.9
1/20/18,1108167.253,53044.53244,105.9
1/21/18,1092188.132,53044.53244,105.9
1/22/18,890350.229,53044.53244,105.9
1/23/18,859718.6791,53044.53244,105.9
1/24/18,821880.127,53044.53244,105.9
1/25/18,840910.0976,53044.53244,105.9
1/26/18,1012116.441,53044.53244,105.9
1/27/18,1138461.643,53044.53244,105.9
1/28/18,1151640.681,53044.53244,105.9
1/29/18,855643.1051,53044.53244,105.9
1/30/18,867459.7045,53044.53244,105.9
1/31/18,840391.4224,53044.53244,105.9
2/1/18,845109.4348,53044.53244,105.1
2/2/18,1009838.212,53044.53244,105.1
2/3/18,1120305.399,53044.53244,105.1
2/4/18,1080554.81,53044.53244,105.1
2/5/18,902259.4589,53044.53244,105.1
2/6/18,884477.1929,53044.53244,105.1
2/7/18,838144.268,53044.53244,105.1
2/8/18,836002.8131,53044.53244,105.1
2/9/18,1034677.826,53044.53244,105.1
2/10/18,1166484.76,53044.53244,105.1
2/11/18,1215729.489,53044.53244,105.1
2/12/18,863115.2756,53044.53244,105.1
2/13/18,851720.4937,53044.53244,105.1
2/14/18,879265.2662,53044.53244,105.1
2/15/18,900316.71,53044.53244,105.1
2/16/18,930139.2089,53044.53244,105.1
2/17/18,1149541.832,53044.53244,105.1
2/18/18,1060996.433,53044.53244,105.1
2/19/18,953034.8686,53044.53244,105.1
2/20/18,920177.9109,53044.53244,105.1
2/21/18,825213.0794,53044.53244,105.1
2/22/18,837136.7043,53044.53244,105.1
2/23/18,1030849.419,53044.53244,105.1
2/24/18,1135861.621,53044.53244,105.1
2/25/18,1148978.902,53044.53244,105.1
2/26/18,910046.934,53044.53244,105.1
2/27/18,928019.6421,53044.53244,105.1
2/28/18,847280.4746,53044.53244,105.1
3/1/18,896573.1073,53044.53244,105.2
3/2/18,1062650.378,53044.53244,105.2
3/3/18,1127479.043,53044.53244,105.2
3/4/18,1142007.589,53044.53244,105.2
3/5/18,858809.8296,53044.53244,105.2
3/6/18,847496.8169,53044.53244,105.2
3/7/18,829914.0755,53044.53244,105.2
3/8/18,908582.0674,53044.53244,105.2
3/9/18,1027153.182,53044.53244,105.2
3/10/18,1088056.36,53044.53244,105.2
3/11/18,1179424.705,53044.53244,105.2
3/12/18,839373.0911,53044.53244,105.2
3/13/18,901891.5022,53044.53244,105.2
3/14/18,853664.9495,53044.53244,105.2
3/15/18,846198.9674,53044.53244,105.2
3/16/18,1041143.407,53044.53244,105.2
3/17/18,1119018.386,53044.53244,105.2
3/18/18,1088034.645,53044.53244,105.2
3/19/18,906736.3724,53044.53244,105.2
3/20/18,872600.0134,53044.53244,105.2
3/21/18,842362.3123,53044.53244,105.2
3/22/18,860154.4966,53044.53244,105.2
3/23/18,1030966.618,53044.53244,105.2
3/24/18,1206437.626,53044.53244,105.2
3/25/18,1144940.897,53044.53244,105.2
3/26/18,934266.1672,53044.53244,105.2
3/27/18,871852.9677,53044.53244,105.2
3/28/18,876838.4589,53044.53244,105.2
3/29/18,824581.7572,53044.53244,105.2
3/30/18,944779.0691,53044.53244,105.2
3/31/18,1129734.287,53044.53244,105.2
4/1/18,1279104.802,53044.53244,105.2
4/2/18,1041761.17,53044.53244,105.2
4/3/18,1073011.11,53044.53244,105.2
4/4/18,1236095.111,53044.53244,105.2
4/5/18,1325352.93,53044.53244,105.2
4/6/18,1412097.582,53044.53244,105.2
4/7/18,1583193.168,53044.53244,105.2
4/8/18,1385041.185,53044.53244,105.2
4/9/18,982290.6034,53044.53244,105.2
4/10/18,886513.5997,53044.53244,105.2
4/11/18,844798.8231,53044.53244,105.2
4/12/18,901468.5181,53044.53244,105.2
4/13/18,1005335.128,53044.53244,105.2
4/14/18,1127169.463,53044.53244,105.2
4/15/18,1155904.865,53044.53244,105.2
4/16/18,806076.2919,53044.53244,105.2
4/17/18,826637.1971,53044.53244,105.2
4/18/18,825398.0109,53044.53244,105.2
4/19/18,841546.2197,53044.53244,105.2
4/20/18,975399.4845,53044.53244,105.2
4/21/18,1070666.122,53044.53244,105.2
4/22/18,1100036.567,53044.53244,105.2
4/23/18,853500.5488,53044.53244,105.2
4/24/18,834296.9873,53044.53244,105.2
4/25/18,803136.9499,53044.53244,105.2
4/26/18,842740.555,53044.53244,105.2
4/27/18,992582.0108,53044.53244,105.2
4/28/18,1184411.742,53044.53244,105.2
4/29/18,1218221.185,53044.53244,105.2
4/30/18,970135.091,53044.53244,105.2
5/1/18,972787.8213,53044.53244,106.2
5/2/18,936681.8627,53044.53244,106.2
5/3/18,974544.3207,53044.53244,106.2
5/4/18,1072693.905,53044.53244,106.2
5/5/18,1187869.533,53044.53244,106.2
5/6/18,1150816.538,53044.53244,106.2
5/7/18,863018.0195,53044.53244,106.2
5/8/18,908225.0014,53044.53244,106.2
5/9/18,980375.7422,53044.53244,106.2
5/10/18,993551.46,53044.53244,106.2
5/11/18,1050930.598,53044.53244,106.2
5/12/18,1334723.038,53044.53244,106.2
5/13/18,1270605.038,53044.53244,106.2
5/14/18,1021211.799,53044.53244,106.2
5/15/18,988055.7223,53044.53244,106.2
5/16/18,919344.1216,53044.53244,106.2
5/17/18,868168.9145,53044.53244,106.2
5/18/18,984398.9568,53044.53244,106.2
5/19/18,1112126.981,53044.53244,106.2
5/20/18,1043733.103,53044.53244,106.2
5/21/18,881646.8828,53044.53244,106.2
5/22/18,891572.2072,53044.53244,106.2
5/23/18,1034154.438,53044.53244,106.2
5/24/18,1119252.303,53044.53244,106.2
5/25/18,1319364.195,53044.53244,106.2
5/26/18,1423795.208,53044.53244,106.2
5/27/18,1315120.562,53044.53244,106.2
5/28/18,920325.3515,53044.53244,106.2
5/29/18,849475.2586,53044.53244,106.2
5/30/18,776902.5023,53044.53244,106.2
5/31/18,770035.1385,53044.53244,106.2
6/1/18,900046.2504,53044.53244,106.2
6/2/18,1047589.045,53044.53244,106.2
6/3/18,1053838.684,53044.53244,106.2
6/4/18,825182.6292,53044.53244,106.2
6/5/18,765563.5233,53044.53244,106.2
6/6/18,813648.3165,53044.53244,106.2
6/7/18,822771.5593,53044.53244,106.2
6/8/18,897457.9247,53044.53244,106.2
6/9/18,1056137.178,53044.53244,106.2
6/10/18,994513.54,53044.53244,106.2
6/11/18,799664.8905,53044.53244,106.2
6/12/18,815044.7547,53044.53244,106.2
6/13/18,791380.5077,53044.53244,106.2
6/14/18,752022.3978,53044.53244,106.2
6/15/18,846076.5992,53044.53244,106.2
6/16/18,1074455.58,53044.53244,106.2
6/17/18,950897.7523,53044.53244,106.2
6/18/18,779450.2273,53044.53244,106.2
6/19/18,796251.3192,53044.53244,106.2
6/20/18,756963.5417,53044.53244,106.2
6/21/18,779714.6249,53044.53244,106.2
6/22/18,840193.9099,53044.53244,106.2
6/23/18,1044296.095,53044.53244,106.2
6/24/18,994116.5798,53044.53244,106.2
6/25/18,736611.6743,53044.53244,106.2
6/26/18,736512.1556,53044.53244,106.2
6/27/18,711785.6328,53044.53244,106.2
6/28/18,749997.4207,53044.53244,106.2
6/29/18,858481.1703,53044.53244,106.2
6/30/18,989769.5026,53044.53244,106.2
7/1/18,975243.1905,53044.53244,105.1
7/2/18,710905.5882,53044.53244,105.1
7/3/18,776719.617,53044.53244,105.1
7/4/18,721779.4061,53044.53244,105.1
7/5/18,783675.2337,53044.53244,105.1
7/6/18,938674.3924,53044.53244,105.1
7/7/18,969514.9819,53044.53244,105.1
7/8/18,960267.4643,53044.53244,105.1
7/9/18,750207.1688,53044.53244,105.1
7/10/18,743641.6372,53044.53244,105.1
7/11/18,736794.7972,53044.53244,105.1
7/12/18,711678.5995,53044.53244,105.1
7/13/18,831183.9511,53044.53244,105.1
7/14/18,960511.1673,53044.53244,105.1
7/15/18,913115.1337,53044.53244,105.1
7/16/18,725142.9907,53044.53244,105.1
7/17/18,790020.0871,53044.53244,105.1
7/18/18,768582.3285,53044.53244,105.1
7/19/18,724700.0695,53044.53244,105.1
7/20/18,778435.9819,53044.53244,105.1
7/21/18,884503.6935,53044.53244,105.1
7/22/18,966130.6373,53044.53244,105.1
7/23/18,708645.6848,53044.53244,105.1
7/24/18,680530.3082,53044.53244,105.1
7/25/18,693424.9759,53044.53244,105.1
7/26/18,757424.785,53044.53244,105.1
7/27/18,798799.9372,53044.53244,105.1
7/28/18,867175.7433,53044.53244,105.1
7/29/18,903302.8694,53044.53244,105.1
7/30/18,761145.9636,53044.53244,105.1
7/31/18,748717.32,53044.53244,105.1
8/1/18,698747.8828,53044.53244,106.1
8/2/18,747814.917,53044.53244,106.1
8/3/18,838512.1485,53044.53244,106.1
8/4/18,900370.7197,53044.53244,106.1
8/5/18,906025.7063,53044.53244,106.1
8/6/18,763006.3694,53044.53244,106.1
8/7/18,693354.3653,53044.53244,106.1
8/8/18,728351.2211,53044.53244,106.1
8/9/18,742404.2289,53044.53244,106.1
8/10/18,841140.166,53044.53244,106.1
8/11/18,868457.1025,53044.53244,106.1
8/12/18,938388.1472,53044.53244,106.1
8/13/18,722223.4894,53044.53244,106.1
8/14/18,696364.9114,53044.53244,106.1
8/15/18,711008.8278,53044.53244,106.1
8/16/18,722644.294,53044.53244,106.1
8/17/18,845580.3055,53044.53244,106.1
8/18/18,882061.6019,53044.53244,106.1
8/19/18,903419.8925,53044.53244,106.1
8/20/18,722159.428,53044.53244,106.1
8/21/18,728323.9878,53044.53244,106.1
8/22/18,694137.473,53044.53244,106.1
8/23/18,714765.9028,53044.53244,106.1
8/24/18,806687.991,53044.53244,106.1
8/25/18,954344.3422,53044.53244,106.1
8/26/18,908489.2077,53044.53244,106.1
8/27/18,737156.2291,53044.53244,106.1
8/28/18,693671.8361,53044.53244,106.1
8/29/18,686392.2972,53044.53244,106.1
8/30/18,724326.0611,53044.53244,106.1
8/31/18,834472.7847,53044.53244,106.1
9/1/18,909675.0064,53044.53244,105.5
9/2/18,867025.5744,53044.53244,105.5
9/3/18,662323.6263,53044.53244,105.5
9/4/18,719745.7872,53044.53244,105.5
9/5/18,703565.9204,53044.53244,105.5
9/6/18,663391.5696,53044.53244,105.5
9/7/18,785502.499,53044.53244,105.5
9/8/18,907889.8179,53044.53244,105.5
9/9/18,919369.2483,53044.53244,105.5
9/10/18,689468.0872,53044.53244,105.5
9/11/18,700072.9382,53044.53244,105.5
9/12/18,732694.188,53044.53244,105.5
9/13/18,729981.8841,53044.53244,105.5
9/14/18,783444.4637,53044.53244,105.5
9/15/18,908274.1438,53044.53244,105.5
9/16/18,884173.2412,53044.53244,105.5
9/17/18,732250.6359,53044.53244,105.5
9/18/18,685224.1929,53044.53244,105.5
9/19/18,692941.1376,53044.53244,105.5
9/20/18,723835.057,53044.53244,105.5
9/21/18,785148.9686,53044.53244,105.5
9/22/18,920075.3221,53044.53244,105.5
9/23/18,968437.8204,53044.53244,105.5
9/24/18,726651.1159,53044.53244,105.5
9/25/18,695689.7063,53044.53244,105.5
9/26/18,687124.1677,53044.53244,105.5
9/27/18,722638.9734,53044.53244,105.5
9/28/18,799138.4071,53044.53244,105.5
9/29/18,922715.3942,53044.53244,105.5
9/30/18,920639.9336,53044.53244,105.5
10/1/18,680555.8842,53044.53244,105.4
10/2/18,734035.898,53044.53244,105.4
10/3/18,711666.3345,53044.53244,105.4
10/4/18,726132.7246,53044.53244,105.4
10/5/18,822507.5967,53044.53244,105.4
10/6/18,943915.2955,53044.53244,105.4
10/7/18,946999.2317,53044.53244,105.4
10/8/18,737773.427,53044.53244,105.4
10/9/18,726590.5101,53044.53244,105.4
10/10/18,715228.7996,53044.53244,105.4
10/11/18,721107.0017,53044.53244,105.4
10/12/18,796556.6815,53044.53244,105.4
10/13/18,938856.694,53044.53244,105.4
10/14/18,937303.9607,53044.53244,105.4
10/15/18,707783.6156,53044.53244,105.4
10/16/18,690221.5649,53044.53244,105.4
10/17/18,722719.6835,53044.53244,105.4
10/18/18,725304.4953,53044.53244,105.4
10/19/18,806630.0958,53044.53244,105.4
10/20/18,927711.5262,53044.53244,105.4
10/21/18,931819.9243,53044.53244,105.4
10/22/18,720190.2598,53044.53244,105.4
10/23/18,753965.6783,53044.53244,105.4
10/24/18,730785.9884,53044.53244,105.4
10/25/18,751809.6523,53044.53244,105.4
10/26/18,847778.1677,53044.53244,105.4
10/27/18,951429.1236,53044.53244,105.4
10/28/18,980140.1909,53044.53244,105.4
10/29/18,723837.5592,53044.53244,105.4
10/30/18,756621.6402,53044.53244,105.4
10/31/18,710839.2231,53044.53244,105.4
11/1/18,739629.8221,53044.53244,104.3
11/2/18,828521.9799,53044.53244,104.3
11/3/18,961730.0793,53044.53244,104.3
11/4/18,943999.6832,53044.53244,104.3
11/5/18,738599.8357,53044.53244,104.3
11/6/18,697526.3095,53044.53244,104.3
11/7/18,725393.4578,53044.53244,104.3
11/8/18,724377.1206,53044.53244,104.3
11/9/18,834791.5684,53044.53244,104.3
11/10/18,975524.5465,53044.53244,104.3
11/11/18,969525.9974,53044.53244,104.3
11/12/18,745101.8753,53044.53244,104.3
11/13/18,715338.876,53044.53244,104.3
11/14/18,766660.84,53044.53244,104.3
11/15/18,745597.2815,53044.53244,104.3
11/16/18,852019.787,53044.53244,104.3
11/17/18,977162.9979,53044.53244,104.3
11/18/18,976104.5884,53044.53244,104.3
11/19/18,731359.7341,53044.53244,104.3
11/20/18,718625.3433,53044.53244,104.3
11/21/18,727285.7328,53044.53244,104.3
11/22/18,718391.2609,53044.53244,104.3
11/23/18,866255.0065,53044.53244,104.3
11/24/18,972966.503,53044.53244,104.3
11/25/18,994608.5071,53044.53244,104.3
11/26/18,768196.1629,53044.53244,104.3
11/27/18,764105.0537,53044.53244,104.3
11/28/18,745006.0345,53044.53244,104.3
11/29/18,748197.7837,53044.53244,104.3
11/30/18,864909.6447,53044.53244,104.3
12/1/18,953571.4669,53044.53244,104.1
12/2/18,1034631.82,53044.53244,104.1
12/3/18,810728.228,53044.53244,104.1
12/4/18,755734.6046,53044.53244,104.1
12/5/18,768656.1463,53044.53244,104.1
12/6/18,748690.128,53044.53244,104.1
12/7/18,854803.0013,53044.53244,104.1
12/8/18,1041094.522,53044.53244,104.1
12/9/18,1003423.883,53044.53244,104.1
12/10/18,786642.3873,53044.53244,104.1
12/11/18,800882.8368,53044.53244,104.1
12/12/18,771348.1217,53044.53244,104.1
12/13/18,779189.8524,53044.53244,104.1
12/14/18,921810.295,53044.53244,104.1
12/15/18,973804.9065,53044.53244,104.1
12/16/18,962314.3053,53044.53244,104.1
12/17/18,772649.5562,53044.53244,104.1
12/18/18,787906.3841,53044.53244,104.1
12/19/18,793913.794,53044.53244,104.1
12/20/18,823808.0365,53044.53244,104.1
12/21/18,897757.6369,53044.53244,104.1
12/22/18,1023013.371,53044.53244,104.1
12/23/18,1070438.373,53044.53244,104.1
12/24/18,831448.6138,53044.53244,104.1
12/25/18,948397.5739,53044.53244,104.1
12/26/18,1130055.387,53044.53244,104.1
12/27/18,1408611.477,53044.53244,104.1
12/28/18,2345785.52,53044.53244,104.1
12/29/18,3141644.712,53044.53244,104.1
12/30/18,2894845.226,53044.53244,104.1
12/31/18,1973704.918,53044.53244,104.1
1/1/19,1632761.656,52295.03905,105.3
1/2/19,1255719.588,52295.03905,105.3
1/3/19,1046709.371,52295.03905,105.3
1/4/19,1080525.614,52295.03905,105.3
1/5/19,1281535.259,52295.03905,105.3
1/6/19,1303667.115,52295.03905,105.3
1/7/19,876024.2216,52295.03905,105.3
1/8/19,892475.7375,52295.03905,105.3
1/9/19,826563.171,52295.03905,105.3
1/10/19,859731.7583,52295.03905,105.3
1/11/19,907194.6736,52295.03905,105.3
1/12/19,1064168.802,52295.03905,105.3
1/13/19,1102182.11,52295.03905,105.3
1/14/19,851480.7648,52295.03905,105.3
1/15/19,813028.9994,52295.03905,105.3
1/16/19,812725.8526,52295.03905,105.3
1/17/19,872246.7334,52295.03905,105.3
1/18/19,997236.5379,52295.03905,105.3
1/19/19,1058702.715,52295.03905,105.3
1/20/19,1122165.831,52295.03905,105.3
1/21/19,809856.8851,52295.03905,105.3
1/22/19,808463.0944,52295.03905,105.3
1/23/19,834592.2673,52295.03905,105.3
1/24/19,858087.739,52295.03905,105.3
1/25/19,940168.0377,52295.03905,105.3
1/26/19,1094104.919,52295.03905,105.3
1/27/19,1086619.603,52295.03905,105.3
1/28/19,812451.6053,52295.03905,105.3
1/29/19,840047.3856,52295.03905,105.3
1/30/19,858950.0693,52295.03905,105.3
1/31/19,842816.2139,52295.03905,105.3
2/1/19,1011614.309,52295.03905,105.2
2/2/19,1026586.6,52295.03905,105.2
2/3/19,1121395.869,52295.03905,105.2
2/4/19,871336.981,52295.03905,105.2
2/5/19,865933.3528,52295.03905,105.2
2/6/19,833871.3416,52295.03905,105.2
2/7/19,863079.8609,52295.03905,105.2
2/8/19,953406.6348,52295.03905,105.2
2/9/19,1086539.427,52295.03905,105.2
2/10/19,1104107.221,52295.03905,105.2
2/11/19,859173.4865,52295.03905,105.2
2/12/19,842754.5799,52295.03905,105.2
2/13/19,819063.5126,52295.03905,105.2
2/14/19,855919.1345,52295.03905,105.2
2/15/19,1024858.724,52295.03905,105.2
2/16/19,1107455.183,52295.03905,105.2
2/17/19,1087696.522,52295.03905,105.2
2/18/19,856898.3951,52295.03905,105.2
2/19/19,846570.7561,52295.03905,105.2
2/20/19,858345.6807,52295.03905,105.2
2/21/19,861288.6713,52295.03905,105.2
2/22/19,943085.8037,52295.03905,105.2
2/23/19,1093650.373,52295.03905,105.2
2/24/19,1103587.982,52295.03905,105.2
2/25/19,859028.4889,52295.03905,105.2
2/26/19,826760.3294,52295.03905,105.2
2/27/19,883522.0695,52295.03905,105.2
2/28/19,865452.1461,52295.03905,105.2
3/1/19,992572.3834,52295.03905,104.9
3/2/19,1101522.451,52295.03905,104.9
3/3/19,1117451.582,52295.03905,104.9
3/4/19,864505.006,52295.03905,104.9
3/5/19,845163.113,52295.03905,104.9
3/6/19,863338.6956,52295.03905,104.9
3/7/19,862056.1074,52295.03905,104.9
3/8/19,980530.9268,52295.03905,104.9
3/9/19,1119304.296,52295.03905,104.9
3/10/19,1045075.072,52295.03905,104.9
3/11/19,823598.5841,52295.03905,104.9
3/12/19,828595.4809,52295.03905,104.9
3/13/19,867794.7849,52295.03905,104.9
3/14/19,870071.6419,52295.03905,104.9
3/15/19,999946.1873,52295.03905,104.9
3/16/19,1067448.053,52295.03905,104.9
3/17/19,1055792.899,52295.03905,104.9
3/18/19,823190.936,52295.03905,104.9
3/19/19,870755.7021,52295.03905,104.9
3/20/19,841874.2273,52295.03905,104.9
3/21/19,818702.399,52295.03905,104.9
3/22/19,1013486.887,52295.03905,104.9
3/23/19,1111972.044,52295.03905,104.9
3/24/19,1202224.256,52295.03905,104.9
3/25/19,854305.1639,52295.03905,104.9
3/26/19,840517.6642,52295.03905,104.9
3/27/19,881629.8495,52295.03905,104.9
3/28/19,851399.7995,52295.03905,104.9
3/29/19,974134.556,52295.03905,104.9
3/30/19,1121853.033,52295.03905,104.9
3/31/19,1119660.924,52295.03905,104.9
4/1/19,864935.8427,52295.03905,104.3
4/2/19,843427.3636,52295.03905,104.3
4/3/19,854074.7131,52295.03905,104.3
4/4/19,870580.9089,52295.03905,104.3
4/5/19,999707.828,52295.03905,104.3
4/6/19,1077223.891,52295.03905,104.3
4/7/19,1120968.216,52295.03905,104.3
4/8/19,796161.3668,52295.03905,104.3
4/9/19,846899.2885,52295.03905,104.3
4/10/19,850392.7584,52295.03905,104.3
4/11/19,864983.0874,52295.03905,104.3
4/12/19,969004.4606,52295.03905,104.3
4/13/19,1054295.782,52295.03905,104.3
4/14/19,1064633.307,52295.03905,104.3
4/15/19,784399.3973,52295.03905,104.3
4/16/19,815319.8201,52295.03905,104.3
4/17/19,785130.9514,52295.03905,104.3
4/18/19,827641.7938,52295.03905,104.3
4/19/19,963552.9833,52295.03905,104.3
4/20/19,1125757.077,52295.03905,104.3
4/21/19,1212916.003,52295.03905,104.3
4/22/19,1003109.856,52295.03905,104.3
4/23/19,1153937.268,52295.03905,104.3
4/24/19,1206280.091,52295.03905,104.3
4/25/19,1212384.773,52295.03905,104.3
4/26/19,1442223.694,52295.03905,104.3
4/27/19,1486122.073,52295.03905,104.3
4/28/19,1463476.37,52295.03905,104.3
4/29/19,1011406.483,52295.03905,104.3
4/30/19,946051.794,52295.03905,104.3
5/1/19,1063576.412,52295.03905,105.1
5/2/19,1019204.353,52295.03905,105.1
5/3/19,1086258.033,52295.03905,105.1
5/4/19,1155423.029,52295.03905,105.1
5/5/19,1110396.678,52295.03905,105.1
5/6/19,875600.881,52295.03905,105.1
5/7/19,903529.7825,52295.03905,105.1
5/8/19,970158.8117,52295.03905,105.1
5/9/19,962380.1095,52295.03905,105.1
5/10/19,1129618.516,52295.03905,105.1
5/11/19,1260568.284,52295.03905,105.1
5/12/19,1200395.469,52295.03905,105.1
5/13/19,812311.2336,52295.03905,105.1
5/14/19,837137.0922,52295.03905,105.1
5/15/19,801463.1197,52295.03905,105.1
5/16/19,808205.8261,52295.03905,105.1
5/17/19,893015.7226,52295.03905,105.1
5/18/19,978763.1463,52295.03905,105.1
5/19/19,1083949.208,52295.03905,105.1
5/20/19,825267.3827,52295.03905,105.1
5/21/19,824217.478,52295.03905,105.1
5/22/19,801182.3667,52295.03905,105.1
5/23/19,806873.7274,52295.03905,105.1
5/24/19,934557.3597,52295.03905,105.1
5/25/19,1041255.956,52295.03905,105.1
5/26/19,998216.2116,52295.03905,105.1
5/27/19,799561.1712,52295.03905,105.1
5/28/19,805477.2564,52295.03905,105.1
5/29/19,797852.3914,52295.03905,105.1
5/30/19,782704.5605,52295.03905,105.1
5/31/19,939352.6904,52295.03905,105.1
6/1/19,1069733.447,52295.03905,103.9
6/2/19,1108411.492,52295.03905,103.9
6/3/19,937032.7347,52295.03905,103.9
6/4/19,903150.629,52295.03905,103.9
6/5/19,848875.5205,52295.03905,103.9
6/6/19,847542.8445,52295.03905,103.9
6/7/19,954391.8752,52295.03905,103.9
6/8/19,999080.0741,52295.03905,103.9
6/9/19,1022539.759,52295.03905,103.9
6/10/19,841818.7891,52295.03905,103.9
6/11/19,844902.3889,52295.03905,103.9
6/12/19,928910.5275,52295.03905,103.9
6/13/19,963664.7596,52295.03905,103.9
6/14/19,1195483.44,52295.03905,103.9
6/15/19,1316780.182,52295.03905,103.9
6/16/19,1226835.643,52295.03905,103.9
6/17/19,855722.381,52295.03905,103.9
6/18/19,795662.2109,52295.03905,103.9
6/19/19,774997.9013,52295.03905,103.9
6/20/19,764297.1669,52295.03905,103.9
6/21/19,847012.3115,52295.03905,103.9
6/22/19,952813.2313,52295.03905,103.9
6/23/19,997202.1411,52295.03905,103.9
6/24/19,684306.4424,52295.03905,103.9
6/25/19,774264.6407,52295.03905,103.9
6/26/19,738653.253,52295.03905,103.9
6/27/19,716340.5942,52295.03905,103.9
6/28/19,822307.7049,52295.03905,103.9
6/29/19,990826.7821,52295.03905,103.9
6/30/19,931782.0538,52295.03905,103.9
7/1/19,726002.1718,52295.03905,103.8
7/2/19,706545.3344,52295.03905,103.8
7/3/19,769695.054,52295.03905,103.8
7/4/19,696734.1778,52295.03905,103.8
7/5/19,816480.5969,52295.03905,103.8
7/6/19,949358.2104,52295.03905,103.8
7/7/19,962165.463,52295.03905,103.8
7/8/19,659656.6978,52295.03905,103.8
7/9/19,717991.5511,52295.03905,103.8
7/10/19,715368.7333,52295.03905,103.8
7/11/19,718404.1397,52295.03905,103.8
7/12/19,862187.3374,52295.03905,103.8
7/13/19,945573.549,52295.03905,103.8
7/14/19,932592.0774,52295.03905,103.8
7/15/19,669815.4,52295.03905,103.8
7/16/19,733209.5458,52295.03905,103.8
7/17/19,723219.7879,52295.03905,103.8
7/18/19,685625.2454,52295.03905,103.8
7/19/19,817436.8704,52295.03905,103.8
7/20/19,924364.109,52295.03905,103.8
7/21/19,922122.0638,52295.03905,103.8
7/22/19,680049.8018,52295.03905,103.8
7/23/19,667221.2229,52295.03905,103.8
7/24/19,715141.8447,52295.03905,103.8
7/25/19,698373.9892,52295.03905,103.8
7/26/19,790880.9412,52295.03905,103.8
7/27/19,911771.7329,52295.03905,103.8
7/28/19,893905.6606,52295.03905,103.8
7/29/19,682861.9384,52295.03905,103.8
7/30/19,719668.4425,52295.03905,103.8
7/31/19,676793.3354,52295.03905,103.8
8/1/19,708842.5672,52295.03905,103.9
8/2/19,768686.2717,52295.03905,103.9
8/3/19,897209.696,52295.03905,103.9
8/4/19,946270.9015,52295.03905,103.9
8/5/19,678947.5965,52295.03905,103.9
8/6/19,667368.3828,52295.03905,103.9
8/7/19,708024.7908,52295.03905,103.9
8/8/19,683662.6051,52295.03905,103.9
8/9/19,794469.0017,52295.03905,103.9
8/10/19,900015.8804,52295.03905,103.9
8/11/19,877974.5865,52295.03905,103.9
8/12/19,718076.4579,52295.03905,103.9
8/13/19,686966.4444,52295.03905,103.9
8/14/19,704433.4615,52295.03905,103.9
8/15/19,680292.2484,52295.03905,103.9
8/16/19,805969.4363,52295.03905,103.9
8/17/19,919775.5261,52295.03905,103.9
8/18/19,846400.848,52295.03905,103.9
8/19/19,722984.5975,52295.03905,103.9
8/20/19,663705.6477,52295.03905,103.9
8/21/19,651171.6472,52295.03905,103.9
8/22/19,693433.8729,52295.03905,103.9
8/23/19,786958.4545,52295.03905,103.9
8/24/19,867290.6144,52295.03905,103.9
8/25/19,868953.4707,52295.03905,103.9
8/26/19,684938.8498,52295.03905,103.9
8/27/19,650709.0598,52295.03905,103.9
8/28/19,692382.9073,52295.03905,103.9
8/29/19,688172.3532,52295.03905,103.9
8/30/19,755145.7653,52295.03905,103.9
8/31/19,863411.9044,52295.03905,103.9
9/1/19,863761.919,52295.03905,103.9
9/2/19,698457.4096,52295.03905,103.9
9/3/19,643556.8904,52295.03905,103.9
9/4/19,668625.9624,52295.03905,103.9
9/5/19,716576.4607,52295.03905,103.9
9/6/19,798951.8317,52295.03905,103.9
9/7/19,898916.3784,52295.03905,103.9
9/8/19,896886.0097,52295.03905,103.9
9/9/19,653425.5865,52295.03905,103.9
9/10/19,681558.4557,52295.03905,103.9
9/11/19,670622.7601,52295.03905,103.9
9/12/19,678721.5692,52295.03905,103.9
9/13/19,804044.9006,52295.03905,103.9
9/14/19,898070.4788,52295.03905,103.9
9/15/19,853569.4161,52295.03905,103.9
9/16/19,648443.9886,52295.03905,103.9
9/17/19,652978.6008,52295.03905,103.9
9/18/19,678187.3721,52295.03905,103.9
9/19/19,655230.8534,52295.03905,103.9
9/20/19,734918.0342,52295.03905,103.9
9/21/19,931451.3879,52295.03905,103.9
9/22/19,870681.4204,52295.03905,103.9
9/23/19,679820.1429,52295.03905,103.9
9/24/19,678597.3424,52295.03905,103.9
9/25/19,734672.1946,52295.03905,103.9
9/26/19,645415.7869,52295.03905,103.9
9/27/19,813094.605,52295.03905,103.9
9/28/19,862373.9774,52295.03905,103.9
9/29/19,876987.1794,52295.03905,103.9
9/30/19,705733.1809,52295.03905,103.9
10/1/19,704094.7544,52295.03905,103.2
10/2/19,685948.1885,52295.03905,103.2
10/3/19,671220.0659,52295.03905,103.2
10/4/19,793530.3518,52295.03905,103.2
10/5/19,872412.6416,52295.03905,103.2
10/6/19,879146.8879,52295.03905,103.2
10/7/19,674642.0878,52295.03905,103.2
10/8/19,685515.4263,52295.03905,103.2
10/9/19,664270.8186,52295.03905,103.2
10/10/19,690016.1592,52295.03905,103.2
10/11/19,765935.8368,52295.03905,103.2
10/12/19,913234.6699,52295.03905,103.2
10/13/19,951829.8692,52295.03905,103.2
10/14/19,692892.2107,52295.03905,103.2
10/15/19,717072.0176,52295.03905,103.2
10/16/19,689323.0319,52295.03905,103.2
10/17/19,702993.6357,52295.03905,103.2
10/18/19,803778.7234,52295.03905,103.2
10/19/19,903505.2092,52295.03905,103.2
10/20/19,866381.2099,52295.03905,103.2
10/21/19,705039.6201,52295.03905,103.2
10/22/19,677430.7892,52295.03905,103.2
10/23/19,674061.4668,52295.03905,103.2
10/24/19,697059.2837,52295.03905,103.2
10/25/19,855678.6158,52295.03905,103.2
10/26/19,923755.6407,52295.03905,103.2
10/27/19,946830.7874,52295.03905,103.2
10/28/19,714012.5555,52295.03905,103.2
10/29/19,683476.9763,52295.03905,103.2
10/30/19,698462.4023,52295.03905,103.2
10/31/19,717494.3727,52295.03905,103.2
11/1/19,836297.102,52295.03905,103
11/2/19,884518.7465,52295.03905,103
11/3/19,926707.9553,52295.03905,103
11/4/19,679484.4362,52295.03905,103
11/5/19,681985.3,52295.03905,103
11/6/19,707429.216,52295.03905,103
11/7/19,729495.3954,52295.03905,103
11/8/19,824464.1165,52295.03905,103
11/9/19,956296.9171,52295.03905,103
11/10/19,948436.0599,52295.03905,103
11/11/19,690247.369,52295.03905,103
11/12/19,732341.149,52295.03905,103
11/13/19,724934.6705,52295.03905,103
11/14/19,714205.1078,52295.03905,103
11/15/19,873777.9612,52295.03905,103
11/16/19,925710.2165,52295.03905,103
11/17/19,983285.8215,52295.03905,103
11/18/19,749425.7225,52295.03905,103
11/19/19,747772.4601,52295.03905,103
11/20/19,747445.0638,52295.03905,103
11/21/19,770443.9565,52295.03905,103
11/22/19,831725.3826,52295.03905,103
11/23/19,995180.4228,52295.03905,103
11/24/19,978236.2185,52295.03905,103
11/25/19,754479.4625,52295.03905,103
11/26/19,739892.0484,52295.03905,103
11/27/19,746824.9621,52295.03905,103
11/28/19,724662.6815,52295.03905,103
11/29/19,846094.7388,52295.03905,103
11/30/19,969142.1651,52295.03905,103
12/1/19,891589.7883,52295.03905,100.9
12/2/19,725287.9702,52295.03905,100.9
12/3/19,713773.9487,52295.03905,100.9
12/4/19,721153.9666,52295.03905,100.9
12/5/19,767695.4879,52295.03905,100.9
12/6/19,889632.9193,52295.03905,100.9
12/7/19,946545.6246,52295.03905,100.9
12/8/19,991756.0528,52295.03905,100.9
12/9/19,740894.9873,52295.03905,100.9
12/10/19,715513.966,52295.03905,100.9
12/11/19,716052.9952,52295.03905,100.9
12/12/19,728441.3903,52295.03905,100.9
12/13/19,852441.4654,52295.03905,100.9
12/14/19,900397.5851,52295.03905,100.9
12/15/19,1024322.771,52295.03905,100.9
12/16/19,748478.6416,52295.03905,100.9
12/17/19,741045.9243,52295.03905,100.9
12/18/19,766045.4097,52295.03905,100.9
12/19/19,772525.1738,52295.03905,100.9
12/20/19,834663.2033,52295.03905,100.9
12/21/19,997479.5506,52295.03905,100.9
12/22/19,986424.8943,52295.03905,100.9
12/23/19,761900.8832,52295.03905,100.9
12/24/19,767371.6251,52295.03905,100.9
12/25/19,879339.5864,52295.03905,100.9
12/26/19,1126520.106,52295.03905,100.9
12/27/19,1701411.736,52295.03905,100.9
12/28/19,2539874.505,52295.03905,100.9
12/29/19,2948207.281,52295.03905,100.9
12/30/19,2210492.445,52295.03905,100.9
12/31/19,701410.6195,52295.03905,100.9